Bee index ,bee colony,task,Trails,Position of stimulus,response (1= correct; 0= incorrect),,
1,1,bigger-than,1,6,0,,
1,1,bigger-than,1,3,1,,
1,1,bigger-than,1,6,0,,
1,1,bigger-than,1,5,1,,
1,1,bigger-than,1,4,0,,
1,1,bigger-than,1,2,0,,
1,1,bigger-than,1,3,1,,
1,1,bigger-than,1,5,1,,
1,1,bigger-than,2,5,0,,
1,1,bigger-than,2,6,1,,
1,1,bigger-than,2,5,0,,
1,1,bigger-than,2,2,1,,
1,1,bigger-than,2,6,1,,
1,1,bigger-than,2,5,0,,
1,1,bigger-than,2,4,1,,
1,1,bigger-than,3,4,0,,
1,1,bigger-than,3,2,1,,
1,1,bigger-than,4,5,0,,
1,1,bigger-than,4,2,0,,
1,1,bigger-than,4,6,0,,
1,1,bigger-than,4,3,1,,
1,1,bigger-than,4,5,1,,
1,1,bigger-than,4,6,0,,
1,1,bigger-than,4,5,1,,
1,1,bigger-than,4,4,1,,
1,1,bigger-than,5,4,1,,
1,1,bigger-than,5,1,0,,
1,1,bigger-than,5,4,1,,
1,1,bigger-than,5,5,1,,
1,1,bigger-than,5,6,1,,
1,1,bigger-than,6,5,1,,
1,1,bigger-than,6,4,1,,
1,1,bigger-than,6,6,0,,
1,1,bigger-than,7,6,0,,
1,1,bigger-than,7,3,1,,
1,1,bigger-than,7,2,1,,
1,1,bigger-than,7,4,0,,
1,1,bigger-than,7,2,1,,
1,1,bigger-than,7,6,0,,
1,1,bigger-than,8,5,1,,
1,1,bigger-than,8,6,1,,
1,1,bigger-than,8,3,0,,
1,1,bigger-than,8,2,0,,
1,1,bigger-than,8,4,0,,
1,1,bigger-than,8,1,1,,
1,1,bigger-than,9,5,1,,
1,1,bigger-than,9,6,0,,
1,1,bigger-than,9,4,0,,
1,1,bigger-than,9,5,1,,
1,1,bigger-than,9,6,0,,
1,1,bigger-than,9,5,1,,
1,1,bigger-than,9,4,0,,
1,1,bigger-than,9,5,1,,
1,1,bigger-than,9,6,0,,
1,1,bigger-than,9,5,1,,
1,1,bigger-than,9,6,0,,
1,1,bigger-than,9,5,1,,
1,1,bigger-than,9,2,1,,
1,1,bigger-than,9,4,0,,
1,1,bigger-than,9,5,1,,
1,1,bigger-than,9,3,0,,
1,1,bigger-than,9,6,0,,
1,1,bigger-than,10,6,1,,
1,1,bigger-than,10,5,0,,
1,1,bigger-than,10,6,1,,
1,1,bigger-than,10,1,1,,
1,1,bigger-than,10,4,0,,
1,1,bigger-than,10,6,1,,
1,1,bigger-than,10,5,0,,
1,1,bigger-than,10,4,0,,
1,1,bigger-than,10,1,1,,
1,1,bigger-than,10,4,0,,
1,1,bigger-than,10,5,0,,
1,1,bigger-than,10,6,1,,
1,1,bigger-than,10,3,1,,
1,1,bigger-than,11,4,1,,
1,1,bigger-than,11,5,0,,
1,1,bigger-than,11,2,1,,
1,1,bigger-than,11,5,0,,
1,1,bigger-than,11,5,0,,
1,1,bigger-than,11,4,1,,
1,1,bigger-than,11,5,0,,
1,1,bigger-than,11,3,1,,
1,1,bigger-than,12,6,1,,
1,1,bigger-than,12,3,1,,
1,1,bigger-than,12,6,1,,
1,1,bigger-than,13,6,0,,
1,1,bigger-than,13,5,1,,
1,1,bigger-than,13,3,1,,
1,1,bigger-than,13,6,0,,
1,1,bigger-than,13,5,1,,
1,1,bigger-than,13,4,1,,
1,1,bigger-than,14,3,0,,
1,1,bigger-than,14,5,1,,
1,1,bigger-than,14,2,1,,
1,1,bigger-than,14,4,0,,
1,1,bigger-than,14,5,1,,
1,1,bigger-than,14,3,0,,
1,1,bigger-than,14,1,1,,
1,1,bigger-than,15,5,1,,
1,1,bigger-than,15,6,1,,
1,1,bigger-than,15,3,1,,
1,1,bigger-than,16,5,0,,
1,1,bigger-than,16,4,1,,
1,1,bigger-than,16,1,1,,
1,1,bigger-than,16,2,1,,
1,1,bigger-than,17,5,0,,
1,1,bigger-than,17,6,0,,
1,1,bigger-than,17,3,1,,
1,1,bigger-than,17,5,0,,
1,1,bigger-than,17,2,1,,
1,1,bigger-than,17,3,1,,
1,1,bigger-than,17,5,0,,
1,1,bigger-than,17,3,1,,
1,1,bigger-than,17,5,0,,
1,1,bigger-than,17,2,1,,
1,1,bigger-than,17,3,1,,
1,1,bigger-than,17,6,0,,
1,1,bigger-than,17,3,1,,
1,1,bigger-than,18,5,1,,
1,1,bigger-than,18,6,1,,
1,1,bigger-than,18,3,0,,
1,1,bigger-than,18,6,1,,
1,1,bigger-than,18,5,1,,
1,1,bigger-than,18,4,1,,
1,1,bigger-than,19,2,1,,
1,1,bigger-than,19,6,1,,
1,1,bigger-than,19,3,0,,
1,1,bigger-than,19,6,1,,
1,1,bigger-than,19,4,0,,
1,1,bigger-than,19,4,0,,
1,1,bigger-than,19,6,1,,
1,1,bigger-than,19,5,0,,
1,1,bigger-than,19,6,1,,
1,1,bigger-than,20,6,1,,
1,1,bigger-than,20,3,0,,
1,1,bigger-than,20,4,1,,
1,1,bigger-than,20,2,1,,
1,1,bigger-than,20,2,1,,
1,1,bigger-than,21,5,1,,
1,1,bigger-than,21,3,1,,
1,1,bigger-than,21,1,1,,
1,1,bigger-than,22,6,1,,
1,1,bigger-than,22,2,1,,
1,1,bigger-than,22,1,1,,
1,1,bigger-than,23,5,1,,
1,1,bigger-than,23,2,0,,
1,1,bigger-than,23,4,1,,
1,1,bigger-than,23,3,1,,
1,1,bigger-than,23,6,0,,
1,1,bigger-than,23,3,1,,
1,1,bigger-than,24,6,0,,
1,1,bigger-than,24,3,1,,
1,1,bigger-than,24,4,1,,
1,1,bigger-than,24,1,1,,
1,1,bigger-than,25,5,0,,
1,1,bigger-than,25,6,1,,
1,1,bigger-than,25,2,1,,
1,1,bigger-than,25,1,1,,
1,1,bigger-than,26,6,1,,
1,1,bigger-than,26,4,1,,
1,1,bigger-than,26,1,0,,
1,1,bigger-than,26,6,1,,
1,1,bigger-than,26,4,1,,
1,1,bigger-than,26,3,1,,
1,1,bigger-than,27,6,0,,
1,1,bigger-than,27,5,1,,
1,1,bigger-than,27,2,1,,
1,1,bigger-than,27,3,1,,
1,1,bigger-than,28,6,1,,
1,1,bigger-than,28,2,0,,
1,1,bigger-than,28,4,1,,
1,1,bigger-than,28,5,0,,
1,1,bigger-than,28,6,1,,
1,1,bigger-than,28,5,1,,
1,1,bigger-than,28,1,1,,
1,1,bigger-than,28,5,0,,
1,1,bigger-than,28,6,1,,
1,1,bigger-than,28,3,0,,
1,1,bigger-than,29,6,0,,
1,1,bigger-than,29,5,1,,
1,1,bigger-than,29,4,1,,
1,1,bigger-than,29,1,1,,
1,1,bigger-than,29,2,0,,
1,1,bigger-than,30,3,1,,
1,1,bigger-than,30,2,1,,
1,1,bigger-than,30,1,1,,
2,1,bigger-than,1,1,1,,
2,1,bigger-than,1,6,0,,
2,1,bigger-than,1,3,1,,
2,1,bigger-than,1,5,1,,
2,1,bigger-than,2,5,0,,
2,1,bigger-than,2,6,1,,
2,1,bigger-than,2,3,0,,
2,1,bigger-than,2,2,1,,
2,1,bigger-than,2,4,1,,
2,1,bigger-than,3,6,1,,
2,1,bigger-than,3,3,0,,
2,1,bigger-than,3,5,0,,
2,1,bigger-than,3,2,1,,
2,1,bigger-than,4,6,0,,
2,1,bigger-than,4,5,1,,
2,1,bigger-than,4,2,0,,
2,1,bigger-than,5,6,0,,
2,1,bigger-than,5,3,1,,
2,1,bigger-than,5,6,0,,
2,1,bigger-than,5,5,1,,
2,1,bigger-than,5,1,0,,
2,1,bigger-than,6,6,0,,
2,1,bigger-than,6,5,1,,
2,1,bigger-than,6,6,0,,
2,1,bigger-than,6,3,0,,
2,1,bigger-than,6,2,0,,
2,1,bigger-than,6,4,1,,
2,1,bigger-than,6,5,1,,
2,1,bigger-than,6,2,0,,
2,1,bigger-than,6,1,1,,
2,1,bigger-than,6,4,1,,
2,1,bigger-than,6,6,0,,
2,1,bigger-than,6,1,1,,
2,1,bigger-than,6,3,0,,
2,1,bigger-than,6,5,1,,
2,1,bigger-than,7,2,1,,
2,1,bigger-than,7,6,0,,
2,1,bigger-than,7,2,1,,
2,1,bigger-than,7,1,1,,
2,1,bigger-than,7,5,0,,
2,1,bigger-than,7,3,1,,
2,1,bigger-than,7,1,1,,
2,1,bigger-than,7,4,0,,
2,1,bigger-than,7,3,1,,
2,1,bigger-than,8,5,1,,
2,1,bigger-than,8,6,1,,
2,1,bigger-than,8,4,0,,
2,1,bigger-than,8,5,1,,
2,1,bigger-than,8,4,0,,
2,1,bigger-than,8,1,1,,
2,1,bigger-than,9,3,0,,
2,1,bigger-than,9,2,1,,
2,1,bigger-than,9,6,0,,
2,1,bigger-than,9,3,0,,
2,1,bigger-than,9,4,0,,
2,1,bigger-than,9,1,1,,
2,1,bigger-than,9,5,1,,
2,1,bigger-than,9,5,1,,
2,1,bigger-than,9,6,0,,
2,1,bigger-than,9,3,0,,
2,1,bigger-than,9,2,1,,
2,1,bigger-than,9,4,0,,
2,1,bigger-than,9,1,1,,
2,1,bigger-than,10,2,0,,
2,1,bigger-than,10,3,1,,
2,1,bigger-than,10,5,0,,
2,1,bigger-than,10,1,1,,
2,1,bigger-than,10,2,0,,
2,1,bigger-than,10,6,1,,
2,1,bigger-than,11,2,1,,
2,1,bigger-than,11,4,1,,
2,1,bigger-than,11,6,0,,
2,1,bigger-than,11,3,1,,
2,1,bigger-than,12,6,1,,
2,1,bigger-than,12,5,0,,
2,1,bigger-than,12,1,0,,
2,1,bigger-than,12,4,1,,
2,1,bigger-than,12,2,0,,
2,1,bigger-than,12,3,1,,
2,1,bigger-than,13,5,1,,
2,1,bigger-than,13,3,1,,
2,1,bigger-than,13,6,0,,
2,1,bigger-than,14,5,1,,
2,1,bigger-than,14,1,0,,
2,1,bigger-than,14,5,1,,
2,1,bigger-than,14,4,0,,
2,1,bigger-than,14,2,1,,
2,1,bigger-than,15,5,1,,
2,1,bigger-than,15,6,1,,
2,1,bigger-than,15,3,1,,
2,1,bigger-than,15,2,0,,
2,1,bigger-than,16,2,1,,
2,1,bigger-than,16,3,0,,
2,1,bigger-than,16,1,1,,
2,1,bigger-than,16,3,0,,
2,1,bigger-than,16,2,1,,
2,1,bigger-than,17,4,0,,
2,1,bigger-than,17,1,1,,
2,1,bigger-than,17,2,1,,
2,1,bigger-than,17,6,0,,
2,1,bigger-than,17,3,1,,
2,1,bigger-than,18,6,1,,
2,1,bigger-than,18,2,0,,
2,1,bigger-than,18,1,0,,
2,1,bigger-than,18,6,1,,
2,1,bigger-than,18,4,1,,
2,1,bigger-than,18,5,1,,
2,1,bigger-than,19,6,1,,
2,1,bigger-than,19,2,1,,
2,1,bigger-than,19,5,0,,
2,1,bigger-than,19,2,1,,
2,1,bigger-than,20,2,1,,
2,1,bigger-than,20,4,1,,
2,1,bigger-than,20,5,0,,
2,1,bigger-than,20,4,1,,
2,1,bigger-than,20,1,0,,
2,1,bigger-than,21,5,1,,
2,1,bigger-than,21,3,1,,
2,1,bigger-than,21,2,0,,
2,1,bigger-than,21,1,1,,
2,1,bigger-than,22,5,0,,
2,1,bigger-than,22,4,0,,
2,1,bigger-than,22,6,1,,
2,1,bigger-than,22,1,1,,
2,1,bigger-than,22,2,1,,
2,1,bigger-than,23,4,1,,
2,1,bigger-than,23,5,1,,
2,1,bigger-than,23,2,0,,
2,1,bigger-than,23,3,1,,
2,1,bigger-than,24,1,1,,
2,1,bigger-than,24,6,0,,
2,1,bigger-than,24,3,1,,
2,1,bigger-than,24,4,1,,
2,1,bigger-than,25,6,1,,
2,1,bigger-than,25,2,1,,
2,1,bigger-than,25,1,1,,
2,1,bigger-than,26,4,1,,
2,1,bigger-than,26,6,1,,
2,1,bigger-than,26,3,1,,
2,1,bigger-than,27,6,0,,
2,1,bigger-than,27,3,1,,
2,1,bigger-than,27,5,1,,
2,1,bigger-than,27,3,1,,
2,1,bigger-than,27,4,0,,
2,1,bigger-than,27,5,1,,
2,1,bigger-than,27,3,1,,
2,1,bigger-than,28,4,1,,
2,1,bigger-than,28,6,1,,
2,1,bigger-than,28,1,1,,
2,1,bigger-than,29,5,1,,
2,1,bigger-than,29,4,1,,
2,1,bigger-than,29,1,1,,
2,1,bigger-than,30,6,0,,
2,1,bigger-than,30,2,1,,
2,1,bigger-than,30,3,1,,
2,1,bigger-than,30,4,0,,
2,1,bigger-than,30,1,1,,
3,1,smaller-than,1,4,0,,
3,1,smaller-than,1,5,0,,
3,1,smaller-than,1,4,0,,
3,1,smaller-than,1,5,0,,
3,1,smaller-than,1,6,1,,
3,1,smaller-than,1,5,0,,
3,1,smaller-than,1,4,0,,
3,1,smaller-than,1,1,1,,
3,1,smaller-than,1,2,0,,
3,1,smaller-than,1,3,1,,
3,1,smaller-than,2,4,1,,
3,1,smaller-than,2,1,1,,
3,1,smaller-than,2,2,1,,
3,1,smaller-than,2,1,0,,
3,1,smaller-than,2,4,1,,
3,1,smaller-than,2,5,0,,
3,1,smaller-than,2,2,0,,
3,1,smaller-than,2,6,1,,
3,1,smaller-than,3,4,1,,
3,1,smaller-than,3,1,0,,
3,1,smaller-than,3,4,1,,
3,1,smaller-than,3,5,1,,
3,1,smaller-than,3,4,1,,
3,1,smaller-than,3,2,1,,
3,1,smaller-than,3,3,0,,
3,1,smaller-than,4,4,0,,
3,1,smaller-than,4,4,0,,
3,1,smaller-than,4,3,1,,
3,1,smaller-than,4,5,1,,
3,1,smaller-than,4,3,1,,
3,1,smaller-than,4,5,1,,
3,1,smaller-than,4,2,0,,
3,1,smaller-than,4,4,0,,
3,1,smaller-than,5,4,1,,
3,1,smaller-than,5,5,0,,
3,1,smaller-than,5,1,0,,
3,1,smaller-than,5,4,1,,
3,1,smaller-than,5,5,0,,
3,1,smaller-than,5,2,1,,
3,1,smaller-than,5,6,0,,
3,1,smaller-than,5,5,0,,
3,1,smaller-than,5,4,1,,
3,1,smaller-than,5,1,0,,
3,1,smaller-than,5,6,0,,
3,1,smaller-than,6,1,1,,
3,1,smaller-than,6,4,1,,
3,1,smaller-than,6,1,1,,
3,1,smaller-than,6,5,0,,
3,1,smaller-than,6,2,1,,
3,1,smaller-than,6,3,0,,
3,1,smaller-than,7,5,1,,
3,1,smaller-than,7,4,1,,
3,1,smaller-than,7,1,0,,
3,1,smaller-than,7,4,1,,
3,1,smaller-than,7,6,1,,
3,1,smaller-than,7,3,0,,
3,1,smaller-than,7,6,1,,
3,1,smaller-than,8,6,0,,
3,1,smaller-than,8,3,1,,
3,1,smaller-than,8,4,0,,
3,1,smaller-than,8,3,1,,
3,1,smaller-than,8,2,1,,
3,1,smaller-than,8,3,1,,
3,1,smaller-than,8,1,1,,
3,1,smaller-than,9,5,1,,
3,1,smaller-than,9,2,1,,
3,1,smaller-than,9,3,1,,
3,1,smaller-than,9,1,0,,
3,1,smaller-than,9,3,1,,
3,1,smaller-than,10,5,0,,
3,1,smaller-than,10,6,0,,
3,1,smaller-than,10,3,1,,
3,1,smaller-than,10,2,0,,
3,1,smaller-than,10,6,0,,
3,1,smaller-than,10,3,1,,
3,1,smaller-than,10,2,0,,
3,1,smaller-than,10,3,1,,
3,1,smaller-than,10,1,1,,
3,1,smaller-than,11,3,0,,
3,1,smaller-than,11,2,1,,
3,1,smaller-than,11,1,0,,
3,1,smaller-than,11,4,1,,
3,1,smaller-than,11,5,1,,
3,1,smaller-than,12,5,1,,
3,1,smaller-than,12,6,0,,
3,1,smaller-than,12,3,1,,
3,1,smaller-than,12,2,0,,
3,1,smaller-than,12,1,1,,
3,1,smaller-than,12,3,1,,
3,1,smaller-than,13,5,1,,
3,1,smaller-than,13,2,1,,
3,1,smaller-than,13,4,0,,
3,1,smaller-than,13,5,1,,
3,1,smaller-than,13,2,1,,
3,1,smaller-than,13,6,1,,
3,1,smaller-than,14,5,1,,
3,1,smaller-than,14,2,0,,
3,1,smaller-than,14,6,1,,
3,1,smaller-than,14,3,0,,
3,1,smaller-than,14,1,1,,
3,1,smaller-than,15,5,1,,
3,1,smaller-than,15,2,0,,
3,1,smaller-than,15,4,0,,
3,1,smaller-than,15,5,1,,
3,1,smaller-than,15,6,0,,
3,1,smaller-than,15,3,1,,
3,1,smaller-than,16,6,1,,
3,1,smaller-than,16,3,0,,
3,1,smaller-than,16,4,1,,
3,1,smaller-than,16,5,0,,
3,1,smaller-than,16,2,1,,
3,1,smaller-than,17,6,0,,
3,1,smaller-than,17,3,1,,
3,1,smaller-than,17,2,1,,
3,1,smaller-than,17,5,0,,
3,1,smaller-than,17,2,1,,
3,1,smaller-than,17,1,1,,
3,1,smaller-than,18,4,1,,
3,1,smaller-than,18,6,0,,
3,1,smaller-than,18,5,0,,
3,1,smaller-than,18,3,1,,
3,1,smaller-than,18,2,0,,
3,1,smaller-than,18,1,1,,
3,1,smaller-than,18,3,1,,
3,1,smaller-than,19,6,1,,
3,1,smaller-than,19,5,1,,
3,1,smaller-than,19,4,1,,
3,1,smaller-than,20,5,1,,
3,1,smaller-than,20,4,0,,
3,1,smaller-than,20,1,1,,
3,1,smaller-than,20,4,0,,
3,1,smaller-than,20,5,1,,
3,1,smaller-than,20,6,1,,
3,1,smaller-than,21,5,0,,
3,1,smaller-than,21,2,0,,
3,1,smaller-than,21,6,1,,
3,1,smaller-than,21,5,0,,
3,1,smaller-than,21,2,0,,
3,1,smaller-than,21,3,1,,
3,1,smaller-than,21,2,0,,
3,1,smaller-than,21,5,0,,
3,1,smaller-than,21,6,1,,
3,1,smaller-than,21,3,1,,
3,1,smaller-than,22,5,1,,
3,1,smaller-than,22,4,0,,
3,1,smaller-than,22,2,1,,
3,1,smaller-than,22,5,1,,
3,1,smaller-than,22,6,1,,
3,1,smaller-than,22,3,0,,
3,1,smaller-than,22,6,1,,
3,1,smaller-than,22,5,1,,
3,1,smaller-than,23,4,1,,
3,1,smaller-than,23,2,1,,
3,1,smaller-than,23,6,0,,
3,1,smaller-than,23,3,1,,
3,1,smaller-than,24,5,0,,
3,1,smaller-than,24,2,1,,
3,1,smaller-than,24,4,0,,
3,1,smaller-than,24,5,0,,
3,1,smaller-than,24,2,1,,
3,1,smaller-than,24,3,1,,
3,1,smaller-than,24,5,0,,
3,1,smaller-than,24,2,1,,
3,1,smaller-than,24,1,1,,
3,1,smaller-than,25,6,1,,
3,1,smaller-than,25,5,1,,
3,1,smaller-than,25,2,0,,
3,1,smaller-than,25,6,1,,
3,1,smaller-than,25,5,1,,
3,1,smaller-than,25,3,0,,
3,1,smaller-than,25,6,1,,
3,1,smaller-than,25,1,1,,
3,1,smaller-than,26,5,0,,
3,1,smaller-than,26,6,1,,
3,1,smaller-than,26,3,0,,
3,1,smaller-than,26,2,1,,
3,1,smaller-than,26,4,1,,
3,1,smaller-than,27,5,1,,
3,1,smaller-than,27,1,0,,
3,1,smaller-than,27,6,1,,
3,1,smaller-than,27,4,0,,
3,1,smaller-than,27,5,1,,
3,1,smaller-than,27,6,1,,
3,1,smaller-than,27,5,1,,
3,1,smaller-than,27,6,1,,
3,1,smaller-than,27,2,1,,
3,1,smaller-than,28,6,0,,
3,1,smaller-than,28,3,1,,
3,1,smaller-than,28,2,1,,
3,1,smaller-than,28,6,0,,
3,1,smaller-than,28,3,1,,
3,1,smaller-than,28,2,1,,
3,1,smaller-than,28,1,1,,
3,1,smaller-than,29,5,0,,
3,1,smaller-than,29,4,1,,
3,1,smaller-than,29,1,0,,
3,1,smaller-than,29,4,1,,
3,1,smaller-than,29,6,1,,
3,1,smaller-than,29,5,0,,
3,1,smaller-than,29,6,1,,
3,1,smaller-than,30,4,1,,
3,1,smaller-than,30,2,1,,
3,1,smaller-than,30,1,1,,
3,1,smaller-than,30,4,1,,
3,1,smaller-than,30,2,1,,
3,1,smaller-than,30,1,1,,
3,1,smaller-than,30,4,1,,
4,1,smaller-than,1,6,1,,
4,1,smaller-than,1,5,0,,
4,1,smaller-than,1,1,1,,
4,1,smaller-than,1,2,0,,
4,1,smaller-than,2,6,1,,
4,1,smaller-than,2,3,0,,
4,1,smaller-than,2,2,1,,
4,1,smaller-than,2,1,0,,
4,1,smaller-than,2,4,1,,
4,1,smaller-than,2,5,0,,
4,1,smaller-than,2,2,1,,
4,1,smaller-than,2,1,0,,
4,1,smaller-than,3,5,1,,
4,1,smaller-than,3,6,0,,
4,1,smaller-than,3,3,0,,
4,1,smaller-than,3,2,1,,
4,1,smaller-than,3,6,0,,
4,1,smaller-than,3,4,1,,
4,1,smaller-than,4,4,0,,
4,1,smaller-than,4,1,0,,
4,1,smaller-than,4,2,0,,
4,1,smaller-than,4,6,1,,
4,1,smaller-than,4,3,1,,
4,1,smaller-than,4,2,0,,
4,1,smaller-than,5,6,0,,
4,1,smaller-than,5,5,0,,
4,1,smaller-than,5,3,1,,
4,1,smaller-than,5,2,1,,
4,1,smaller-than,5,4,1,,
4,1,smaller-than,5,6,0,,
4,1,smaller-than,6,6,0,,
4,1,smaller-than,6,3,0,,
4,1,smaller-than,6,5,0,,
4,1,smaller-than,6,6,0,,
4,1,smaller-than,6,2,1,,
4,1,smaller-than,6,3,0,,
4,1,smaller-than,6,4,1,,
4,1,smaller-than,6,1,1,,
4,1,smaller-than,7,5,1,,
4,1,smaller-than,7,6,1,,
4,1,smaller-than,7,3,0,,
4,1,smaller-than,7,6,1,,
4,1,smaller-than,7,5,1,,
4,1,smaller-than,7,2,0,,
4,1,smaller-than,7,4,1,,
4,1,smaller-than,8,2,1,,
4,1,smaller-than,8,4,0,,
4,1,smaller-than,8,1,1,,
4,1,smaller-than,8,5,0,,
4,1,smaller-than,8,3,1,,
4,1,smaller-than,9,6,0,,
4,1,smaller-than,9,5,1,,
4,1,smaller-than,9,6,0,,
4,1,smaller-than,9,3,1,,
4,1,smaller-than,9,2,1,,
4,1,smaller-than,10,6,0,,
4,1,smaller-than,10,5,0,,
4,1,smaller-than,10,4,1,,
4,1,smaller-than,10,1,1,,
4,1,smaller-than,10,4,0,,
4,1,smaller-than,10,6,0,,
4,1,smaller-than,10,3,1,,
4,1,smaller-than,11,5,1,,
4,1,smaller-than,11,6,0,,
4,1,smaller-than,11,4,1,,
4,1,smaller-than,11,2,1,,
4,1,smaller-than,12,5,1,,
4,1,smaller-than,12,2,0,,
4,1,smaller-than,12,1,1,,
4,1,smaller-than,12,4,0,,
4,1,smaller-than,12,3,1,,
4,1,smaller-than,13,5,1,,
4,1,smaller-than,13,2,1,,
4,1,smaller-than,13,4,0,,
4,1,smaller-than,13,5,0,,
4,1,smaller-than,13,4,1,,
4,1,smaller-than,14,5,1,,
4,1,smaller-than,14,6,1,,
4,1,smaller-than,14,3,0,,
4,1,smaller-than,14,5,1,,
4,1,smaller-than,14,1,1,,
4,1,smaller-than,14,3,0,,
4,1,smaller-than,15,5,0,,
4,1,smaller-than,15,4,0,,
4,1,smaller-than,15,1,1,,
4,1,smaller-than,15,3,1,,
4,1,smaller-than,16,6,1,,
4,1,smaller-than,16,5,0,,
4,1,smaller-than,16,4,1,,
4,1,smaller-than,16,2,1,,
4,1,smaller-than,16,1,0,,
4,1,smaller-than,17,4,1,,
4,1,smaller-than,17,1,1,,
4,1,smaller-than,17,2,1,,
4,1,smaller-than,17,5,0,,
4,1,smaller-than,17,2,1,,
4,1,smaller-than,17,6,0,,
4,1,smaller-than,18,5,0,,
4,1,smaller-than,18,2,0,,
4,1,smaller-than,18,4,1,,
4,1,smaller-than,18,1,1,,
4,1,smaller-than,18,4,1,,
4,1,smaller-than,18,6,0,,
4,1,smaller-than,18,3,1,,
4,1,smaller-than,19,5,1,,
4,1,smaller-than,19,2,0,,
4,1,smaller-than,19,4,1,,
4,1,smaller-than,19,6,1,,
4,1,smaller-than,20,6,1,,
4,1,smaller-than,20,3,0,,
4,1,smaller-than,20,5,1,,
4,1,smaller-than,20,2,0,,
4,1,smaller-than,21,4,0,,
4,1,smaller-than,21,1,1,,
4,1,smaller-than,21,5,0,,
4,1,smaller-than,21,1,1,,
4,1,smaller-than,21,3,1,,
4,1,smaller-than,21,6,1,,
4,1,smaller-than,22,5,1,,
4,1,smaller-than,22,6,1,,
4,1,smaller-than,22,1,0,,
4,1,smaller-than,22,4,0,,
4,1,smaller-than,22,2,1,,
4,1,smaller-than,23,4,1,,
4,1,smaller-than,23,1,0,,
4,1,smaller-than,23,2,1,,
4,1,smaller-than,23,6,0,,
4,1,smaller-than,23,3,1,,
4,1,smaller-than,24,6,0,,
4,1,smaller-than,24,5,0,,
4,1,smaller-than,24,2,1,,
4,1,smaller-than,24,3,1,,
4,1,smaller-than,24,1,1,,
4,1,smaller-than,25,5,1,,
4,1,smaller-than,25,6,1,,
4,1,smaller-than,25,3,0,,
4,1,smaller-than,25,4,1,,
4,1,smaller-than,25,1,1,,
4,1,smaller-than,25,6,1,,
4,1,smaller-than,26,4,1,,
4,1,smaller-than,26,2,1,,
4,1,smaller-than,26,6,1,,
4,1,smaller-than,27,1,0,,
4,1,smaller-than,27,2,1,,
4,1,smaller-than,27,5,1,,
4,1,smaller-than,27,6,1,,
4,1,smaller-than,28,5,0,,
4,1,smaller-than,28,1,1,,
4,1,smaller-than,28,3,1,,
4,1,smaller-than,28,2,1,,
4,1,smaller-than,29,2,0,,
4,1,smaller-than,29,3,1,,
4,1,smaller-than,29,6,1,,
4,1,smaller-than,29,4,1,,
4,1,smaller-than,30,4,0,,
4,1,smaller-than,30,5,1,,
4,1,smaller-than,30,1,1,,
4,1,smaller-than,30,2,1,,
5,1,bigger-than,1,5,1,,
5,1,bigger-than,1,6,1,,
5,1,bigger-than,2,6,0,,
5,1,bigger-than,2,1,1,,
5,1,bigger-than,2,5,1,,
5,1,bigger-than,2,4,0,,
5,1,bigger-than,2,6,0,,
5,1,bigger-than,2,4,0,,
5,1,bigger-than,2,5,1,,
5,1,bigger-than,2,6,0,,
5,1,bigger-than,2,5,1,,
5,1,bigger-than,2,4,0,,
5,1,bigger-than,2,2,0,,
5,1,bigger-than,3,4,1,,
5,1,bigger-than,3,1,1,,
5,1,bigger-than,3,4,1,,
5,1,bigger-than,3,5,0,,
5,1,bigger-than,3,2,0,,
5,1,bigger-than,3,1,1,,
5,1,bigger-than,3,2,0,,
5,1,bigger-than,4,4,1,,
5,1,bigger-than,4,5,0,,
5,1,bigger-than,4,2,1,,
5,1,bigger-than,4,6,0,,
5,1,bigger-than,4,5,0,,
5,1,bigger-than,4,4,1,,
5,1,bigger-than,4,2,1,,
5,1,bigger-than,4,5,0,,
5,1,bigger-than,4,6,0,,
5,1,bigger-than,4,3,1,,
5,1,bigger-than,5,2,0,,
5,1,bigger-than,5,5,0,,
5,1,bigger-than,5,6,1,,
5,1,bigger-than,5,3,1,,
5,1,bigger-than,5,2,0,,
5,1,bigger-than,5,1,1,,
5,1,bigger-than,6,4,0,,
5,1,bigger-than,6,1,1,,
5,1,bigger-than,6,2,1,,
5,1,bigger-than,6,3,1,,
5,1,bigger-than,7,4,1,,
5,1,bigger-than,7,1,1,,
5,1,bigger-than,7,2,0,,
5,1,bigger-than,7,1,1,,
5,1,bigger-than,7,5,0,,
5,1,bigger-than,7,6,1,,
5,1,bigger-than,7,3,0,,
5,1,bigger-than,8,4,0,,
5,1,bigger-than,8,1,1,,
5,1,bigger-than,8,5,1,,
5,1,bigger-than,8,2,0,,
5,1,bigger-than,8,5,1,,
5,1,bigger-than,8,6,1,,
5,1,bigger-than,8,5,1,,
5,1,bigger-than,9,4,1,,
5,1,bigger-than,9,1,0,,
5,1,bigger-than,9,5,0,,
5,1,bigger-than,9,2,0,,
5,1,bigger-than,9,6,1,,
5,1,bigger-than,9,3,1,,
5,1,bigger-than,10,5,1,,
5,1,bigger-than,10,2,0,,
5,1,bigger-than,10,6,1,,
5,1,bigger-than,10,2,0,,
5,1,bigger-than,10,4,1,,
5,1,bigger-than,11,5,1,,
5,1,bigger-than,11,6,0,,
5,1,bigger-than,11,4,0,,
5,1,bigger-than,11,6,0,,
5,1,bigger-than,11,5,1,,
5,1,bigger-than,11,2,1,,
5,1,bigger-than,11,4,0,,
5,1,bigger-than,11,5,1,,
5,1,bigger-than,11,1,1,,
5,1,bigger-than,11,2,1,,
5,1,bigger-than,11,3,0,,
5,1,bigger-than,11,6,0,,
5,1,bigger-than,11,3,0,,
5,1,bigger-than,11,4,0,,
5,1,bigger-than,12,4,1,,
5,1,bigger-than,12,1,0,,
5,1,bigger-than,12,6,0,,
5,1,bigger-than,12,2,1,,
5,1,bigger-than,12,3,1,,
5,1,bigger-than,13,6,1,,
5,1,bigger-than,13,3,1,,
5,1,bigger-than,13,5,1,,
5,1,bigger-than,13,2,0,,
5,1,bigger-than,13,1,1,,
5,1,bigger-than,13,4,0,,
5,1,bigger-than,13,5,1,,
5,1,bigger-than,13,1,1,,
5,1,bigger-than,13,4,0,,
5,1,bigger-than,13,2,0,,
5,1,bigger-than,13,3,1,,
5,1,bigger-than,14,4,0,,
5,1,bigger-than,14,1,0,,
5,1,bigger-than,14,2,1,,
5,1,bigger-than,14,4,0,,
5,1,bigger-than,14,1,0,,
5,1,bigger-than,14,6,0,,
5,1,bigger-than,14,3,1,,
5,1,bigger-than,14,6,0,,
5,1,bigger-than,14,3,1,,
5,1,bigger-than,14,5,1,,
5,1,bigger-than,15,2,1,,
5,1,bigger-than,15,6,1,,
5,1,bigger-than,15,3,0,,
5,1,bigger-than,15,5,1,,
5,1,bigger-than,15,4,0,,
5,1,bigger-than,16,5,0,,
5,1,bigger-than,16,4,1,,
5,1,bigger-than,16,6,0,,
5,1,bigger-than,16,3,1,,
5,1,bigger-than,16,2,0,,
5,1,bigger-than,16,5,0,,
5,1,bigger-than,16,6,0,,
5,1,bigger-than,16,3,1,,
5,1,bigger-than,16,2,0,,
5,1,bigger-than,16,4,1,,
5,1,bigger-than,16,6,0,,
5,1,bigger-than,16,3,1,,
5,1,bigger-than,16,1,1,,
5,1,bigger-than,17,4,1,,
5,1,bigger-than,17,2,1,,
5,1,bigger-than,17,6,1,,
5,1,bigger-than,17,3,0,,
5,1,bigger-than,17,1,1,,
5,1,bigger-than,17,6,1,,
5,1,bigger-than,18,6,1,,
5,1,bigger-than,18,5,0,,
5,1,bigger-than,18,2,1,,
5,1,bigger-than,18,4,1,,
5,1,bigger-than,19,6,1,,
5,1,bigger-than,19,3,0,,
5,1,bigger-than,19,5,1,,
5,1,bigger-than,19,2,0,,
5,1,bigger-than,19,6,1,,
5,1,bigger-than,19,4,0,,
5,1,bigger-than,19,1,1,,
5,1,bigger-than,20,6,0,,
5,1,bigger-than,20,3,1,,
5,1,bigger-than,20,6,0,,
5,1,bigger-than,20,3,1,,
5,1,bigger-than,20,1,1,,
5,1,bigger-than,20,2,0,,
5,1,bigger-than,20,3,1,,
5,1,bigger-than,20,4,1,,
5,1,bigger-than,21,5,1,,
5,1,bigger-than,21,4,1,,
5,1,bigger-than,21,5,1,,
5,1,bigger-than,21,6,1,,
5,1,bigger-than,21,4,1,,
5,1,bigger-than,22,6,1,,
5,1,bigger-than,22,3,0,,
5,1,bigger-than,22,5,1,,
5,1,bigger-than,22,2,0,,
5,1,bigger-than,22,6,1,,
5,1,bigger-than,22,5,1,,
5,1,bigger-than,22,2,0,,
5,1,bigger-than,22,1,1,,
5,1,bigger-than,23,4,1,,
5,1,bigger-than,23,5,0,,
5,1,bigger-than,23,4,1,,
5,1,bigger-than,23,2,1,,
5,1,bigger-than,23,3,1,,
5,1,bigger-than,24,5,1,,
5,1,bigger-than,24,6,1,,
5,1,bigger-than,24,3,1,,
5,1,bigger-than,25,6,0,,
5,1,bigger-than,25,5,1,,
5,1,bigger-than,25,2,0,,
5,1,bigger-than,25,3,1,,
5,1,bigger-than,26,5,1,,
5,1,bigger-than,26,4,1,,
5,1,bigger-than,26,1,0,,
5,1,bigger-than,26,6,1,,
5,1,bigger-than,27,6,1,,
5,1,bigger-than,27,4,1,,
5,1,bigger-than,27,5,0,,
5,1,bigger-than,27,1,1,,
5,1,bigger-than,28,6,0,,
5,1,bigger-than,28,3,1,,
5,1,bigger-than,28,2,1,,
5,1,bigger-than,29,3,1,,
5,1,bigger-than,29,2,1,,
5,1,bigger-than,29,4,0,,
5,1,bigger-than,29,1,1,,
5,1,bigger-than,30,6,0,,
5,1,bigger-than,30,3,1,,
5,1,bigger-than,30,5,1,,
5,1,bigger-than,30,6,0,,
5,1,bigger-than,30,3,1,,
5,1,bigger-than,30,1,1,,
6,2,smaller-than,1,4,0,,
6,2,smaller-than,1,5,0,,
6,2,smaller-than,1,6,1,,
6,2,smaller-than,1,5,0,,
6,2,smaller-than,1,6,1,,
6,2,smaller-than,1,3,1,,
6,2,smaller-than,2,4,1,,
6,2,smaller-than,2,5,0,,
6,2,smaller-than,2,3,0,,
6,2,smaller-than,2,5,0,,
6,2,smaller-than,2,6,1,,
6,2,smaller-than,3,4,1,,
6,2,smaller-than,3,1,0,,
6,2,smaller-than,3,2,1,,
6,2,smaller-than,3,3,0,,
6,2,smaller-than,3,5,1,,
6,2,smaller-than,4,4,0,,
6,2,smaller-than,4,1,0,,
6,2,smaller-than,4,5,1,,
6,2,smaller-than,4,6,1,,
6,2,smaller-than,4,5,1,,
6,2,smaller-than,4,6,1,,
6,2,smaller-than,5,4,1,,
6,2,smaller-than,5,1,0,,
6,2,smaller-than,5,2,1,,
6,2,smaller-than,6,4,0,,
6,2,smaller-than,6,1,0,,
6,2,smaller-than,6,2,1,,
6,2,smaller-than,6,5,1,,
6,2,smaller-than,6,1,0,,
6,2,smaller-than,7,4,1,,
6,2,smaller-than,7,5,1,,
6,2,smaller-than,7,2,0,,
6,2,smaller-than,7,4,1,,
6,2,smaller-than,7,6,1,,
6,2,smaller-than,8,4,0,,
6,2,smaller-than,8,5,0,,
6,2,smaller-than,8,6,0,,
6,2,smaller-than,8,5,0,,
6,2,smaller-than,8,6,0,,
6,2,smaller-than,8,1,1,,
6,2,smaller-than,8,4,0,,
6,2,smaller-than,8,2,1,,
6,2,smaller-than,8,3,0,,
6,2,smaller-than,9,5,1,,
6,2,smaller-than,9,6,0,,
6,2,smaller-than,9,4,0,,
6,2,smaller-than,9,6,0,,
6,2,smaller-than,9,2,1,,
6,2,smaller-than,9,5,1,,
6,2,smaller-than,9,4,0,,
6,2,smaller-than,9,3,1,,
6,2,smaller-than,9,2,1,,
6,2,smaller-than,10,1,1,,
6,2,smaller-than,10,4,0,,
6,2,smaller-than,10,5,0,,
6,2,smaller-than,10,2,0,,
6,2,smaller-than,10,4,1,,
6,2,smaller-than,10,5,0,,
6,2,smaller-than,10,4,1,,
6,2,smaller-than,11,5,1,,
6,2,smaller-than,11,6,0,,
6,2,smaller-than,11,3,0,,
6,2,smaller-than,11,2,1,,
6,2,smaller-than,11,4,1,,
6,2,smaller-than,12,5,1,,
6,2,smaller-than,12,2,0,,
6,2,smaller-than,12,6,0,,
6,2,smaller-than,12,2,0,,
6,2,smaller-than,12,4,0,,
6,2,smaller-than,12,1,1,,
6,2,smaller-than,12,4,0,,
6,2,smaller-than,12,5,1,,
6,2,smaller-than,12,6,0,,
6,2,smaller-than,12,3,1,,
6,2,smaller-than,13,4,0,,
6,2,smaller-than,13,1,0,,
6,2,smaller-than,13,5,0,,
6,2,smaller-than,13,6,1,,
6,2,smaller-than,13,3,1,,
6,2,smaller-than,13,2,1,,
6,2,smaller-than,14,5,1,,
6,2,smaller-than,14,2,0,,
6,2,smaller-than,14,6,1,,
6,2,smaller-than,14,5,1,,
6,2,smaller-than,14,6,1,,
6,2,smaller-than,14,4,0,,
6,2,smaller-than,14,1,1,,
6,2,smaller-than,15,4,0,,
6,2,smaller-than,15,1,1,,
6,2,smaller-than,15,4,0,,
6,2,smaller-than,15,5,1,,
6,2,smaller-than,15,2,0,,
6,2,smaller-than,15,3,1,,
6,2,smaller-than,16,4,1,,
6,2,smaller-than,16,1,0,,
6,2,smaller-than,16,5,0,,
6,2,smaller-than,16,2,1,,
6,2,smaller-than,16,6,1,,
6,2,smaller-than,16,5,0,,
6,2,smaller-than,16,6,1,,
6,2,smaller-than,16,2,1,,
6,2,smaller-than,17,4,0,,
6,2,smaller-than,17,5,0,,
6,2,smaller-than,17,2,1,,
6,2,smaller-than,17,3,1,,
6,2,smaller-than,17,6,0,,
6,2,smaller-than,17,4,0,,
6,2,smaller-than,17,1,1,,
6,2,smaller-than,18,4,1,,
6,2,smaller-than,18,5,0,,
6,2,smaller-than,18,4,1,,
6,2,smaller-than,18,1,1,,
6,2,smaller-than,18,2,0,,
6,2,smaller-than,18,3,1,,
6,2,smaller-than,19,5,1,,
6,2,smaller-than,19,6,1,,
6,2,smaller-than,19,3,0,,
6,2,smaller-than,19,6,1,,
6,2,smaller-than,19,5,1,,
6,2,smaller-than,20,5,1,,
6,2,smaller-than,20,4,0,,
6,2,smaller-than,20,5,1,,
6,2,smaller-than,20,1,1,,
6,2,smaller-than,20,2,0,,
6,2,smaller-than,20,5,1,,
6,2,smaller-than,20,6,1,,
6,2,smaller-than,21,4,0,,
6,2,smaller-than,21,5,0,,
6,2,smaller-than,21,2,0,,
6,2,smaller-than,21,1,1,,
6,2,smaller-than,21,4,0,,
6,2,smaller-than,21,1,1,,
6,2,smaller-than,21,6,1,,
6,2,smaller-than,21,4,0,,
6,2,smaller-than,21,5,0,,
6,2,smaller-than,21,6,1,,
6,2,smaller-than,21,3,1,,
6,2,smaller-than,21,3,1,,
6,2,smaller-than,22,2,1,,
6,2,smaller-than,22,6,1,,
6,2,smaller-than,22,3,0,,
6,2,smaller-than,22,2,1,,
6,2,smaller-than,22,5,1,,
6,2,smaller-than,23,4,1,,
6,2,smaller-than,23,5,0,,
6,2,smaller-than,23,3,1,,
6,2,smaller-than,23,2,1,,
6,2,smaller-than,24,5,0,,
6,2,smaller-than,24,1,1,,
6,2,smaller-than,24,4,0,,
6,2,smaller-than,24,3,1,,
6,2,smaller-than,24,2,1,,
6,2,smaller-than,25,5,0,,
6,2,smaller-than,25,2,0,,
6,2,smaller-than,25,6,1,,
6,2,smaller-than,25,4,0,,
6,2,smaller-than,25,5,1,,
6,2,smaller-than,25,6,1,,
6,2,smaller-than,25,3,0,,
6,2,smaller-than,25,1,1,,
6,2,smaller-than,26,4,1,,
6,2,smaller-than,26,6,1,,
6,2,smaller-than,26,4,1,,
6,2,smaller-than,26,3,0,,
6,2,smaller-than,26,6,1,,
6,2,smaller-than,26,2,1,,
6,2,smaller-than,27,6,0,,
6,2,smaller-than,27,5,1,,
6,2,smaller-than,27,4,1,,
6,2,smaller-than,27,1,1,,
6,2,smaller-than,27,5,1,,
6,2,smaller-than,28,1,1,,
6,2,smaller-than,28,5,0,,
6,2,smaller-than,28,3,1,,
6,2,smaller-than,28,2,1,,
6,2,smaller-than,29,6,0,,
6,2,smaller-than,29,5,0,,
6,2,smaller-than,29,2,1,,
6,2,smaller-than,29,5,0,,
6,2,smaller-than,29,2,1,,
6,2,smaller-than,29,6,1,,
6,2,smaller-than,29,1,1,,
6,2,smaller-than,30,3,1,,
6,2,smaller-than,30,6,1,,
7,2,smaller-than,1,4,0,,
7,2,smaller-than,1,5,0,,
7,2,smaller-than,1,6,1,,
7,2,smaller-than,1,5,0,,
7,2,smaller-than,1,6,1,,
7,2,smaller-than,1,4,0,,
7,2,smaller-than,1,6,1,,
7,2,smaller-than,1,5,0,,
7,2,smaller-than,1,2,0,,
7,2,smaller-than,1,1,1,,
7,2,smaller-than,1,5,0,,
7,2,smaller-than,2,6,1,,
7,2,smaller-than,2,3,0,,
7,2,smaller-than,2,5,0,,
7,2,smaller-than,2,2,1,,
7,2,smaller-than,2,1,0,,
7,2,smaller-than,2,5,0,,
7,2,smaller-than,2,6,1,,
7,2,smaller-than,3,6,0,,
7,2,smaller-than,3,2,1,,
7,2,smaller-than,3,3,0,,
7,2,smaller-than,3,6,0,,
7,2,smaller-than,3,2,1,,
7,2,smaller-than,3,4,1,,
7,2,smaller-than,3,5,1,,
7,2,smaller-than,3,2,1,,
7,2,smaller-than,3,3,0,,
7,2,smaller-than,4,4,0,,
7,2,smaller-than,4,5,1,,
7,2,smaller-than,4,2,0,,
7,2,smaller-than,4,1,0,,
7,2,smaller-than,4,5,1,,
7,2,smaller-than,4,6,1,,
7,2,smaller-than,5,5,0,,
7,2,smaller-than,5,6,0,,
7,2,smaller-than,5,2,1,,
7,2,smaller-than,5,6,0,,
7,2,smaller-than,5,5,0,,
7,2,smaller-than,5,4,1,,
7,2,smaller-than,5,1,0,,
7,2,smaller-than,5,1,0,,
7,2,smaller-than,6,5,0,,
7,2,smaller-than,6,4,1,,
7,2,smaller-than,6,5,0,,
7,2,smaller-than,6,6,0,,
7,2,smaller-than,6,1,1,,
7,2,smaller-than,6,2,1,,
7,2,smaller-than,7,4,1,,
7,2,smaller-than,7,5,1,,
7,2,smaller-than,7,2,0,,
7,2,smaller-than,7,4,1,,
7,2,smaller-than,7,1,0,,
7,2,smaller-than,7,5,1,,
7,2,smaller-than,7,2,0,,
7,2,smaller-than,7,3,0,,
7,2,smaller-than,7,6,1,,
7,2,smaller-than,8,6,0,,
7,2,smaller-than,8,5,0,,
7,2,smaller-than,8,4,0,,
7,2,smaller-than,8,5,0,,
7,2,smaller-than,8,6,0,,
7,2,smaller-than,8,3,1,,
7,2,smaller-than,8,5,0,,
7,2,smaller-than,8,6,0,,
7,2,smaller-than,8,3,1,,
7,2,smaller-than,8,2,1,,
7,2,smaller-than,8,1,1,,
7,2,smaller-than,9,3,1,,
7,2,smaller-than,9,6,0,,
7,2,smaller-than,9,2,1,,
7,2,smaller-than,9,1,0,,
7,2,smaller-than,9,5,1,,
7,2,smaller-than,9,3,1,,
7,2,smaller-than,10,1,1,,
7,2,smaller-than,10,4,1,,
7,2,smaller-than,10,5,0,,
7,2,smaller-than,10,1,1,,
7,2,smaller-than,10,2,0,,
7,2,smaller-than,10,5,0,,
7,2,smaller-than,10,6,0,,
7,2,smaller-than,10,3,1,,
7,2,smaller-than,11,2,1,,
7,2,smaller-than,11,3,0,,
7,2,smaller-than,11,4,1,,
7,2,smaller-than,11,5,1,,
7,2,smaller-than,11,6,0,,
7,2,smaller-than,11,5,1,,
7,2,smaller-than,12,3,1,,
7,2,smaller-than,12,2,0,,
7,2,smaller-than,12,1,1,,
7,2,smaller-than,12,5,1,,
7,2,smaller-than,13,5,1,,
7,2,smaller-than,13,4,0,,
7,2,smaller-than,13,2,1,,
7,2,smaller-than,13,3,0,,
7,2,smaller-than,13,5,1,,
7,2,smaller-than,13,4,0,,
7,2,smaller-than,13,6,1,,
7,2,smaller-than,14,5,1,,
7,2,smaller-than,14,4,1,,
7,2,smaller-than,14,2,0,,
7,2,smaller-than,14,1,1,,
7,2,smaller-than,14,3,0,,
7,2,smaller-than,14,6,1,,
7,2,smaller-than,14,2,0,,
7,2,smaller-than,14,3,0,,
7,2,smaller-than,14,5,1,,
7,2,smaller-than,15,5,1,,
7,2,smaller-than,15,3,1,,
7,2,smaller-than,15,4,0,,
7,2,smaller-than,15,5,1,,
7,2,smaller-than,15,6,0,,
7,2,smaller-than,15,3,1,,
7,2,smaller-than,15,1,1,,
7,2,smaller-than,16,1,0,,
7,2,smaller-than,16,2,1,,
7,2,smaller-than,16,3,0,,
7,2,smaller-than,16,4,1,,
7,2,smaller-than,16,1,0,,
7,2,smaller-than,16,2,1,,
7,2,smaller-than,16,3,0,,
7,2,smaller-than,16,4,1,,
7,2,smaller-than,16,5,0,,
7,2,smaller-than,16,6,1,,
7,2,smaller-than,17,2,1,,
7,2,smaller-than,17,5,0,,
7,2,smaller-than,17,3,1,,
7,2,smaller-than,17,2,1,,
7,2,smaller-than,17,1,1,,
7,2,smaller-than,17,4,0,,
7,2,smaller-than,17,5,0,,
7,2,smaller-than,17,2,1,,
7,2,smaller-than,17,1,1,,
7,2,smaller-than,17,5,0,,
7,2,smaller-than,17,2,1,,
7,2,smaller-than,18,3,1,,
7,2,smaller-than,18,2,1,,
7,2,smaller-than,18,4,0,,
7,2,smaller-than,18,6,0,,
7,2,smaller-than,18,3,1,,
7,2,smaller-than,18,1,1,,
7,2,smaller-than,19,4,1,,
7,2,smaller-than,19,1,0,,
7,2,smaller-than,19,6,1,,
7,2,smaller-than,19,5,1,,
7,2,smaller-than,20,5,1,,
7,2,smaller-than,20,4,0,,
7,2,smaller-than,20,5,1,,
7,2,smaller-than,20,1,1,,
7,2,smaller-than,20,6,1,,
7,2,smaller-than,21,5,0,,
7,2,smaller-than,21,4,0,,
7,2,smaller-than,21,1,1,,
7,2,smaller-than,21,2,0,,
7,2,smaller-than,21,6,1,,
7,2,smaller-than,21,5,0,,
7,2,smaller-than,21,4,0,,
7,2,smaller-than,21,1,1,,
7,2,smaller-than,21,3,1,,
7,2,smaller-than,22,5,1,,
7,2,smaller-than,22,6,1,,
7,2,smaller-than,22,5,1,,
7,2,smaller-than,22,4,0,,
7,2,smaller-than,22,2,1,,
7,2,smaller-than,23,4,1,,
7,2,smaller-than,23,5,0,,
7,2,smaller-than,23,1,0,,
7,2,smaller-than,23,2,1,,
7,2,smaller-than,23,4,1,,
7,2,smaller-than,23,1,0,,
7,2,smaller-than,23,2,1,,
7,2,smaller-than,23,3,1,,
7,2,smaller-than,24,2,1,,
7,2,smaller-than,24,5,0,,
7,2,smaller-than,24,6,0,,
7,2,smaller-than,24,3,1,,
7,2,smaller-than,24,6,0,,
7,2,smaller-than,24,3,1,,
7,2,smaller-than,24,1,1,,
7,2,smaller-than,25,2,0,,
7,2,smaller-than,25,1,1,,
7,2,smaller-than,25,3,0,,
7,2,smaller-than,25,6,1,,
7,2,smaller-than,25,3,0,,
7,2,smaller-than,26,4,1,,
7,2,smaller-than,26,1,0,,
7,2,smaller-than,26,4,1,,
7,2,smaller-than,26,2,1,,
7,2,smaller-than,26,5,0,,
7,2,smaller-than,26,6,1,,
7,2,smaller-than,27,4,1,,
7,2,smaller-than,27,1,0,,
7,2,smaller-than,27,4,1,,
7,2,smaller-than,27,5,1,,
7,2,smaller-than,27,6,0,,
7,2,smaller-than,27,3,1,,
7,2,smaller-than,28,2,1,,
7,2,smaller-than,28,3,1,,
7,2,smaller-than,28,6,0,,
7,2,smaller-than,28,3,1,,
7,2,smaller-than,28,2,0,,
7,2,smaller-than,28,1,1,,
7,2,smaller-than,29,1,1,,
7,2,smaller-than,29,2,1,,
7,2,smaller-than,29,3,0,,
7,2,smaller-than,29,6,0,,
7,2,smaller-than,29,5,1,,
7,2,smaller-than,30,5,1,,
7,2,smaller-than,30,6,0,,
7,2,smaller-than,30,2,1,,
7,2,smaller-than,30,5,1,,
7,2,smaller-than,30,4,1,,
8,2,bigger-than,1,5,1,,
8,2,bigger-than,1,2,1,,
8,2,bigger-than,1,3,0,,
8,2,bigger-than,1,6,0,,
8,2,bigger-than,1,5,1,,
8,2,bigger-than,1,6,0,,
8,2,bigger-than,1,4,1,,
8,2,bigger-than,1,4,1,,
8,2,bigger-than,2,5,1,,
8,2,bigger-than,2,2,0,,
8,2,bigger-than,2,4,0,,
8,2,bigger-than,2,4,0,,
8,2,bigger-than,2,5,1,,
8,2,bigger-than,2,6,1,,
8,2,bigger-than,2,5,1,,
8,2,bigger-than,2,6,1,,
8,2,bigger-than,2,5,1,,
8,2,bigger-than,2,6,1,,
8,2,bigger-than,2,4,0,,
8,2,bigger-than,2,6,1,,
8,2,bigger-than,2,3,1,,
8,2,bigger-than,2,5,1,,
8,2,bigger-than,2,6,1,,
8,2,bigger-than,2,3,1,,
8,2,bigger-than,2,4,0,,
8,2,bigger-than,2,2,0,,
8,2,bigger-than,2,1,0,,
8,2,bigger-than,3,5,0,,
8,2,bigger-than,3,6,0,,
8,2,bigger-than,3,2,1,,
8,2,bigger-than,3,4,1,,
8,2,bigger-than,3,1,0,,
8,2,bigger-than,3,5,0,,
8,2,bigger-than,3,6,0,,
8,2,bigger-than,3,3,1,,
8,2,bigger-than,4,6,0,,
8,2,bigger-than,4,3,0,,
8,2,bigger-than,4,2,1,,
8,2,bigger-than,4,4,1,,
8,2,bigger-than,4,1,1,,
8,2,bigger-than,5,5,1,,
8,2,bigger-than,5,2,0,,
8,2,bigger-than,5,4,1,,
8,2,bigger-than,5,1,0,,
8,2,bigger-than,5,4,1,,
8,2,bigger-than,5,5,1,,
8,2,bigger-than,5,2,0,,
8,2,bigger-than,5,6,1,,
8,2,bigger-than,6,3,1,,
8,2,bigger-than,6,5,0,,
8,2,bigger-than,6,1,1,,
8,2,bigger-than,6,2,1,,
8,2,bigger-than,6,1,1,,
8,2,bigger-than,6,5,0,,
8,2,bigger-than,7,3,1,,
8,2,bigger-than,7,5,1,,
8,2,bigger-than,7,4,0,,
8,2,bigger-than,7,2,1,,
8,2,bigger-than,7,1,0,,
8,2,bigger-than,7,6,0,,
8,2,bigger-than,8,6,0,,
8,2,bigger-than,8,3,1,,
8,2,bigger-than,8,6,0,,
8,2,bigger-than,8,5,0,,
8,2,bigger-than,8,2,0,,
8,2,bigger-than,8,4,1,,
8,2,bigger-than,8,1,1,,
8,2,bigger-than,8,2,0,,
8,2,bigger-than,9,6,0,,
8,2,bigger-than,9,5,1,,
8,2,bigger-than,9,4,1,,
8,2,bigger-than,9,1,0,,
8,2,bigger-than,9,2,1,,
8,2,bigger-than,9,1,1,,
8,2,bigger-than,10,6,0,,
8,2,bigger-than,10,5,1,,
8,2,bigger-than,10,6,0,,
8,2,bigger-than,10,3,1,,
8,2,bigger-than,10,2,0,,
8,2,bigger-than,10,4,0,,
8,2,bigger-than,10,1,1,,
8,2,bigger-than,11,5,1,,
8,2,bigger-than,11,4,0,,
8,2,bigger-than,11,2,1,,
8,2,bigger-than,11,1,0,,
8,2,bigger-than,11,6,1,,
8,2,bigger-than,12,5,1,,
8,2,bigger-than,12,4,0,,
8,2,bigger-than,12,6,1,,
8,2,bigger-than,12,4,0,,
8,2,bigger-than,12,5,1,,
8,2,bigger-than,12,2,0,,
8,2,bigger-than,12,4,0,,
8,2,bigger-than,12,1,1,,
8,2,bigger-than,12,4,0,,
8,2,bigger-than,12,1,1,,
8,2,bigger-than,12,5,1,,
8,2,bigger-than,12,3,0,,
8,2,bigger-than,12,4,0,,
8,2,bigger-than,12,6,1,,
8,2,bigger-than,12,3,0,,
8,2,bigger-than,12,4,0,,
8,2,bigger-than,12,3,0,,
8,2,bigger-than,12,2,0,,
8,2,bigger-than,12,4,0,,
8,2,bigger-than,13,3,1,,
8,2,bigger-than,13,5,1,,
8,2,bigger-than,13,4,0,,
8,2,bigger-than,13,6,0,,
8,2,bigger-than,13,3,1,,
8,2,bigger-than,13,1,1,,
8,2,bigger-than,14,6,1,,
8,2,bigger-than,14,3,0,,
8,2,bigger-than,14,2,1,,
8,2,bigger-than,14,3,0,,
8,2,bigger-than,14,6,1,,
8,2,bigger-than,14,5,0,,
8,2,bigger-than,14,4,1,,
8,2,bigger-than,15,1,1,,
8,2,bigger-than,15,4,0,,
8,2,bigger-than,15,5,0,,
8,2,bigger-than,15,4,0,,
8,2,bigger-than,15,5,0,,
8,2,bigger-than,15,2,1,,
8,2,bigger-than,15,1,1,,
8,2,bigger-than,15,5,0,,
8,2,bigger-than,15,6,0,,
8,2,bigger-than,15,5,0,,
8,2,bigger-than,15,3,1,,
8,2,bigger-than,16,4,1,,
8,2,bigger-than,16,1,1,,
8,2,bigger-than,16,5,0,,
8,2,bigger-than,16,6,0,,
8,2,bigger-than,16,3,1,,
8,2,bigger-than,17,2,0,,
8,2,bigger-than,17,6,1,,
8,2,bigger-than,17,5,1,,
8,2,bigger-than,17,2,0,,
8,2,bigger-than,17,4,1,,
8,2,bigger-than,18,6,1,,
8,2,bigger-than,18,3,0,,
8,2,bigger-than,18,2,0,,
8,2,bigger-than,18,3,0,,
8,2,bigger-than,18,5,1,,
8,2,bigger-than,18,6,1,,
8,2,bigger-than,18,3,0,,
8,2,bigger-than,18,6,1,,
8,2,bigger-than,18,1,1,,
8,2,bigger-than,19,2,0,,
8,2,bigger-than,19,1,1,,
8,2,bigger-than,19,6,1,,
8,2,bigger-than,19,5,0,,
8,2,bigger-than,19,6,1,,
8,2,bigger-than,20,6,1,,
8,2,bigger-than,20,5,1,,
8,2,bigger-than,20,1,0,,
8,2,bigger-than,20,2,1,,
8,2,bigger-than,21,3,1,,
8,2,bigger-than,21,5,0,,
8,2,bigger-than,21,2,1,,
8,2,bigger-than,22,6,0,,
8,2,bigger-than,22,2,1,,
8,2,bigger-than,22,3,1,,
8,2,bigger-than,22,4,0,,
8,2,bigger-than,22,1,1,,
8,2,bigger-than,23,5,1,,
8,2,bigger-than,23,2,0,,
8,2,bigger-than,23,4,0,,
8,2,bigger-than,23,1,1,,
8,2,bigger-than,23,6,1,,
8,2,bigger-than,23,3,0,,
8,2,bigger-than,23,6,1,,
8,2,bigger-than,23,3,0,,
8,2,bigger-than,23,2,0,,
8,2,bigger-than,23,4,0,,
8,2,bigger-than,23,5,1,,
8,2,bigger-than,23,4,0,,
8,2,bigger-than,23,5,1,,
8,2,bigger-than,23,6,1,,
8,2,bigger-than,23,3,0,,
8,2,bigger-than,23,4,0,,
8,2,bigger-than,23,5,1,,
8,2,bigger-than,23,2,0,,
8,2,bigger-than,23,1,1,,
8,2,bigger-than,24,3,0,,
8,2,bigger-than,24,1,0,,
8,2,bigger-than,24,4,1,,
8,2,bigger-than,24,5,0,,
8,2,bigger-than,24,3,0,,
8,2,bigger-than,24,6,1,,
8,2,bigger-than,24,3,0,,
8,2,bigger-than,24,4,1,,
8,2,bigger-than,24,6,1,,
8,2,bigger-than,24,3,0,,
8,2,bigger-than,24,4,1,,
8,2,bigger-than,24,2,1,,
8,2,bigger-than,25,3,0,,
8,2,bigger-than,25,5,1,,
8,2,bigger-than,25,2,1,,
8,2,bigger-than,25,1,0,,
8,2,bigger-than,25,2,1,,
8,2,bigger-than,25,6,1,,
8,2,bigger-than,26,6,0,,
8,2,bigger-than,26,3,1,,
8,2,bigger-than,26,5,0,,
8,2,bigger-than,26,2,1,,
8,2,bigger-than,26,4,0,,
8,2,bigger-than,26,1,1,,
8,2,bigger-than,27,6,0,,
8,2,bigger-than,27,5,1,,
8,2,bigger-than,27,2,1,,
8,2,bigger-than,27,1,1,,
8,2,bigger-than,28,6,0,,
8,2,bigger-than,28,4,1,,
8,2,bigger-than,28,1,1,,
8,2,bigger-than,28,5,1,,
8,2,bigger-than,29,5,1,,
8,2,bigger-than,29,2,0,,
8,2,bigger-than,29,4,1,,
8,2,bigger-than,29,1,0,,
8,2,bigger-than,29,5,1,,
8,2,bigger-than,29,6,1,,
8,2,bigger-than,30,5,0,,
8,2,bigger-than,30,1,1,,
8,2,bigger-than,30,4,1,,
8,2,bigger-than,30,5,0,,
8,2,bigger-than,30,4,1,,
8,2,bigger-than,30,1,1,,
8,2,bigger-than,30,6,0,,
8,2,bigger-than,30,3,1,,
9,2,bigger-than,1,5,1,,
9,2,bigger-than,1,6,1,,
9,2,bigger-than,1,4,0,,
9,2,bigger-than,1,6,1,,
9,2,bigger-than,1,3,0,,
9,2,bigger-than,1,2,0,,
9,2,bigger-than,2,4,1,,
9,2,bigger-than,2,5,0,,
9,2,bigger-than,2,6,0,,
9,2,bigger-than,2,4,1,,
9,2,bigger-than,2,5,0,,
9,2,bigger-than,3,4,1,,
9,2,bigger-than,3,5,1,,
9,2,bigger-than,3,6,0,,
9,2,bigger-than,4,5,1,,
9,2,bigger-than,4,6,1,,
9,2,bigger-than,4,4,0,,
9,2,bigger-than,5,5,0,,
9,2,bigger-than,5,4,0,,
9,2,bigger-than,5,6,0,,
9,2,bigger-than,5,1,1,,
9,2,bigger-than,5,2,1,,
9,2,bigger-than,5,5,0,,
9,2,bigger-than,5,6,0,,
9,2,bigger-than,5,4,0,,
9,2,bigger-than,5,6,0,,
9,2,bigger-than,5,3,1,,
9,2,bigger-than,6,6,0,,
9,2,bigger-than,6,5,1,,
9,2,bigger-than,6,4,0,,
9,2,bigger-than,6,2,1,,
9,2,bigger-than,6,1,0,,
9,2,bigger-than,6,4,0,,
9,2,bigger-than,6,6,0,,
9,2,bigger-than,6,3,1,,
9,2,bigger-than,6,5,1,,
9,2,bigger-than,6,6,0,,
9,2,bigger-than,7,6,1,,
9,2,bigger-than,7,5,1,,
9,2,bigger-than,8,5,0,,
9,2,bigger-than,8,6,0,,
9,2,bigger-than,8,4,1,,
9,2,bigger-than,8,5,0,,
9,2,bigger-than,8,4,1,,
9,2,bigger-than,8,5,0,,
9,2,bigger-than,8,1,0,,
9,2,bigger-than,8,5,0,,
9,2,bigger-than,8,4,1,,
9,2,bigger-than,8,3,1,,
9,2,bigger-than,8,2,1,,
9,2,bigger-than,9,6,1,,
9,2,bigger-than,9,5,0,,
9,2,bigger-than,9,6,1,,
9,2,bigger-than,9,3,0,,
9,2,bigger-than,9,2,1,,
9,2,bigger-than,9,3,0,,
9,2,bigger-than,9,4,0,,
9,2,bigger-than,9,1,0,,
9,2,bigger-than,10,1,1,,
9,2,bigger-than,10,5,0,,
9,2,bigger-than,10,6,1,,
9,2,bigger-than,10,2,0,,
9,2,bigger-than,10,4,1,,
9,2,bigger-than,11,6,0,,
9,2,bigger-than,11,3,1,,
9,2,bigger-than,11,2,1,,
9,2,bigger-than,11,1,1,,
9,2,bigger-than,12,5,1,,
9,2,bigger-than,12,3,1,,
9,2,bigger-than,12,2,1,,
9,2,bigger-than,12,5,1,,
9,2,bigger-than,12,1,0,,
9,2,bigger-than,12,5,1,,
9,2,bigger-than,12,4,0,,
9,2,bigger-than,13,4,0,,
9,2,bigger-than,13,2,0,,
9,2,bigger-than,13,3,1,,
9,2,bigger-than,13,6,1,,
9,2,bigger-than,13,3,1,,
9,2,bigger-than,13,1,1,,
9,2,bigger-than,14,5,1,,
9,2,bigger-than,14,4,1,,
9,2,bigger-than,14,2,1,,
9,2,bigger-than,15,5,1,,
9,2,bigger-than,15,2,0,,
9,2,bigger-than,15,1,1,,
9,2,bigger-than,15,3,1,,
9,2,bigger-than,16,5,1,,
9,2,bigger-than,16,2,1,,
9,2,bigger-than,16,1,0,,
9,2,bigger-than,16,4,0,,
9,2,bigger-than,16,2,1,,
9,2,bigger-than,16,4,0,,
9,2,bigger-than,16,3,1,,
9,2,bigger-than,17,5,0,,
9,2,bigger-than,17,4,1,,
9,2,bigger-than,17,1,1,,
9,2,bigger-than,17,2,0,,
9,2,bigger-than,17,3,1,,
9,2,bigger-than,18,5,0,,
9,2,bigger-than,18,2,0,,
9,2,bigger-than,18,3,1,,
9,2,bigger-than,18,6,1,,
9,2,bigger-than,18,4,1,,
9,2,bigger-than,19,5,1,,
9,2,bigger-than,19,4,0,,
9,2,bigger-than,19,6,0,,
9,2,bigger-than,19,3,1,,
9,2,bigger-than,20,6,0,,
9,2,bigger-than,20,4,1,,
9,2,bigger-than,20,1,0,,
9,2,bigger-than,20,3,1,,
9,2,bigger-than,21,6,1,,
9,2,bigger-than,21,3,0,,
9,2,bigger-than,21,2,1,,
9,2,bigger-than,21,6,1,,
9,2,bigger-than,22,3,0,,
9,2,bigger-than,22,1,0,,
9,2,bigger-than,22,4,1,,
9,2,bigger-than,22,6,1,,
9,2,bigger-than,23,3,1,,
9,2,bigger-than,23,5,1,,
9,2,bigger-than,23,2,0,,
9,2,bigger-than,23,1,1,,
9,2,bigger-than,23,3,1,,
9,2,bigger-than,24,4,1,,
9,2,bigger-than,24,2,1,,
9,2,bigger-than,24,1,0,,
9,2,bigger-than,24,4,1,,
9,2,bigger-than,24,6,1,,
9,2,bigger-than,25,5,1,,
9,2,bigger-than,25,2,1,,
9,2,bigger-than,25,6,0,,
9,2,bigger-than,25,2,1,,
9,2,bigger-than,25,5,1,,
9,2,bigger-than,25,1,0,,
9,2,bigger-than,25,3,1,,
9,2,bigger-than,26,4,1,,
9,2,bigger-than,26,1,0,,
9,2,bigger-than,26,5,1,,
9,2,bigger-than,26,6,1,,
9,2,bigger-than,27,5,0,,
9,2,bigger-than,27,2,1,,
9,2,bigger-than,27,3,1,,
9,2,bigger-than,27,1,1,,
9,2,bigger-than,28,4,1,,
9,2,bigger-than,28,5,0,,
9,2,bigger-than,28,6,1,,
9,2,bigger-than,28,3,0,,
9,2,bigger-than,28,2,1,,
9,2,bigger-than,28,4,1,,
9,2,bigger-than,28,3,0,,
9,2,bigger-than,28,6,1,,
9,2,bigger-than,29,6,1,,
9,2,bigger-than,29,5,1,,
9,2,bigger-than,30,6,0,,
9,2,bigger-than,30,1,1,,
9,2,bigger-than,30,5,1,,
9,2,bigger-than,30,4,1,,
10,2,bigger-than,1,4,1,,
10,2,bigger-than,1,5,0,,
10,2,bigger-than,1,6,0,,
10,2,bigger-than,1,5,0,,
10,2,bigger-than,1,6,1,,
10,2,bigger-than,1,4,1,,
10,2,bigger-than,1,6,1,,
10,2,bigger-than,1,5,0,,
10,2,bigger-than,1,2,0,,
10,2,bigger-than,1,1,1,,
10,2,bigger-than,1,5,0,,
10,2,bigger-than,2,6,1,,
10,2,bigger-than,2,3,0,,
10,2,bigger-than,2,3,0,,
10,2,bigger-than,2,5,0,,
10,2,bigger-than,2,2,1,,
10,2,bigger-than,2,1,0,,
10,2,bigger-than,2,5,0,,
10,2,bigger-than,2,6,1,,
10,2,bigger-than,3,6,0,,
10,2,bigger-than,3,2,1,,
10,2,bigger-than,3,3,0,,
10,2,bigger-than,3,6,0,,
10,2,bigger-than,3,4,1,,
10,2,bigger-than,3,1,0,,
10,2,bigger-than,3,5,1,,
10,2,bigger-than,3,2,1,,
10,2,bigger-than,3,3,0,,
10,2,bigger-than,4,4,0,,
10,2,bigger-than,4,5,1,,
10,2,bigger-than,4,2,0,,
10,2,bigger-than,4,6,1,,
10,2,bigger-than,4,1,0,,
10,2,bigger-than,4,5,1,,
10,2,bigger-than,4,6,1,,
10,2,bigger-than,5,5,1,,
10,2,bigger-than,5,6,0,,
10,2,bigger-than,5,2,0,,
10,2,bigger-than,5,6,0,,
10,2,bigger-than,5,5,1,,
10,2,bigger-than,5,4,1,,
10,2,bigger-than,5,1,0,,
10,2,bigger-than,5,1,0,,
10,2,bigger-than,6,5,1,,
10,2,bigger-than,6,4,1,,
10,2,bigger-than,6,5,0,,
10,2,bigger-than,6,6,0,,
10,2,bigger-than,6,1,1,,
10,2,bigger-than,6,3,0,,
10,2,bigger-than,6,2,1,,
10,2,bigger-than,7,4,1,,
10,2,bigger-than,7,6,0,,
10,2,bigger-than,7,1,1,,
10,2,bigger-than,7,4,1,,
10,2,bigger-than,7,3,1,,
10,2,bigger-than,8,6,0,,
10,2,bigger-than,8,2,0,,
10,2,bigger-than,8,3,1,,
10,2,bigger-than,8,6,0,,
10,2,bigger-than,8,4,0,,
10,2,bigger-than,8,1,1,,
10,2,bigger-than,9,6,1,,
10,2,bigger-than,9,2,0,,
10,2,bigger-than,9,4,1,,
10,2,bigger-than,9,5,0,,
10,2,bigger-than,9,1,1,,
10,2,bigger-than,9,4,1,,
10,2,bigger-than,10,6,0,,
10,2,bigger-than,10,3,1,,
10,2,bigger-than,10,4,0,,
10,2,bigger-than,10,2,1,,
10,2,bigger-than,11,3,1,,
10,2,bigger-than,11,6,0,,
10,2,bigger-than,11,4,0,,
10,2,bigger-than,11,3,1,,
10,2,bigger-than,11,1,1,,
10,2,bigger-than,12,6,1,,
10,2,bigger-than,12,3,1,,
10,2,bigger-than,12,2,0,,
10,2,bigger-than,12,4,1,,
10,2,bigger-than,13,6,1,,
10,2,bigger-than,13,3,0,,
10,2,bigger-than,13,4,1,,
10,2,bigger-than,13,5,0,,
10,2,bigger-than,13,2,1,,
10,2,bigger-than,14,6,0,,
10,2,bigger-than,14,2,1,,
10,2,bigger-than,14,3,1,,
10,2,bigger-than,14,6,0,,
10,2,bigger-than,14,4,0,,
10,2,bigger-than,14,2,1,,
10,2,bigger-than,14,3,1,,
10,2,bigger-than,14,5,0,,
10,2,bigger-than,14,2,1,,
10,2,bigger-than,14,1,1,,
10,2,bigger-than,15,6,1,,
10,2,bigger-than,15,3,1,,
10,2,bigger-than,15,2,1,,
10,2,bigger-than,16,6,0,,
10,2,bigger-than,16,5,0,,
10,2,bigger-than,16,4,1,,
10,2,bigger-than,16,1,1,,
10,2,bigger-than,16,5,0,,
10,2,bigger-than,16,6,0,,
10,2,bigger-than,16,4,1,,
10,2,bigger-than,16,1,1,,
10,2,bigger-than,16,2,1,,
10,2,bigger-than,17,6,1,,
10,2,bigger-than,17,3,0,,
10,2,bigger-than,17,5,1,,
10,2,bigger-than,17,4,1,,
10,2,bigger-than,18,5,1,,
10,2,bigger-than,18,2,0,,
10,2,bigger-than,18,1,1,,
10,2,bigger-than,18,3,1,,
10,2,bigger-than,19,5,1,,
10,2,bigger-than,19,6,1,,
10,2,bigger-than,19,3,0,,
10,2,bigger-than,19,5,1,,
10,2,bigger-than,19,4,0,,
10,2,bigger-than,19,2,1,,
10,2,bigger-than,20,5,1,,
10,2,bigger-than,20,4,0,,
10,2,bigger-than,20,6,0,,
10,2,bigger-than,20,5,0,,
10,2,bigger-than,20,2,1,,
10,2,bigger-than,20,1,1,,
10,2,bigger-than,21,6,0,,
10,2,bigger-than,21,5,1,,
10,2,bigger-than,21,3,1,,
10,2,bigger-than,21,4,1,,
10,2,bigger-than,21,1,0,,
10,2,bigger-than,21,5,1,,
10,2,bigger-than,22,6,1,,
10,2,bigger-than,22,3,1,,
10,2,bigger-than,22,4,0,,
10,2,bigger-than,22,1,0,,
10,2,bigger-than,22,6,0,,
10,2,bigger-than,22,3,1,,
10,2,bigger-than,22,4,0,,
10,2,bigger-than,22,2,1,,
10,2,bigger-than,23,2,0,,
10,2,bigger-than,23,1,1,,
10,2,bigger-than,23,3,1,,
10,2,bigger-than,23,6,0,,
10,2,bigger-than,23,1,1,,
10,2,bigger-than,23,2,0,,
10,2,bigger-than,23,3,1,,
10,2,bigger-than,23,5,1,,
10,2,bigger-than,24,4,1,,
10,2,bigger-than,24,2,1,,
10,2,bigger-than,24,1,0,,
10,2,bigger-than,24,4,1,,
10,2,bigger-than,24,6,1,,
10,2,bigger-than,25,3,1,,
10,2,bigger-than,25,5,0,,
10,2,bigger-than,25,2,1,,
10,2,bigger-than,25,1,1,,
10,2,bigger-than,26,6,1,,
10,2,bigger-than,26,4,1,,
10,2,bigger-than,26,1,0,,
10,2,bigger-than,26,2,1,,
10,2,bigger-than,27,4,1,,
10,2,bigger-than,27,1,1,,
10,2,bigger-than,27,5,0,,
10,2,bigger-than,27,3,1,,
10,2,bigger-than,28,6,0,,
10,2,bigger-than,28,5,1,,
10,2,bigger-than,28,4,1,,
10,2,bigger-than,28,1,1,,
10,2,bigger-than,29,1,1,,
10,2,bigger-than,29,5,0,,
10,2,bigger-than,29,3,1,,
10,2,bigger-than,29,6,1,,
10,2,bigger-than,30,6,0,,
10,2,bigger-than,30,5,1,,
10,2,bigger-than,30,2,1,,
10,2,bigger-than,30,3,1,,
11,2,smaller-than,1,4,0,,
11,2,smaller-than,1,5,0,,
11,2,smaller-than,1,6,1,,
11,2,smaller-than,1,3,1,,
11,2,smaller-than,1,2,0,,
11,2,smaller-than,2,1,0,,
11,2,smaller-than,2,6,1,,
11,2,smaller-than,2,3,0,,
11,2,smaller-than,2,5,0,,
11,2,smaller-than,2,5,0,,
11,2,smaller-than,2,4,1,,
11,2,smaller-than,3,5,1,,
11,2,smaller-than,3,2,1,,
11,2,smaller-than,3,5,1,,
11,2,smaller-than,3,1,0,,
11,2,smaller-than,3,3,0,,
11,2,smaller-than,3,4,1,,
11,2,smaller-than,4,6,1,,
11,2,smaller-than,4,3,1,,
11,2,smaller-than,4,2,1,,
11,2,smaller-than,4,4,0,,
11,2,smaller-than,5,4,1,,
11,2,smaller-than,5,1,0,,
11,2,smaller-than,5,2,1,,
11,2,smaller-than,5,5,0,,
11,2,smaller-than,5,3,1,,
11,2,smaller-than,6,5,0,,
11,2,smaller-than,6,6,0,,
11,2,smaller-than,6,4,1,,
11,2,smaller-than,6,5,0,,
11,2,smaller-than,6,2,1,,
11,2,smaller-than,6,1,1,,
11,2,smaller-than,7,5,1,,
11,2,smaller-than,7,4,1,,
11,2,smaller-than,7,1,0,,
11,2,smaller-than,7,6,1,,
11,2,smaller-than,7,4,1,,
11,2,smaller-than,7,5,1,,
11,2,smaller-than,8,4,0,,
11,2,smaller-than,8,4,0,,
11,2,smaller-than,8,1,1,,
11,2,smaller-than,8,2,1,,
11,2,smaller-than,8,1,1,,
11,2,smaller-than,8,3,1,,
11,2,smaller-than,9,4,0,,
11,2,smaller-than,9,5,1,,
11,2,smaller-than,9,6,0,,
11,2,smaller-than,9,2,1,,
11,2,smaller-than,9,1,0,,
11,2,smaller-than,9,4,0,,
11,2,smaller-than,9,6,0,,
11,2,smaller-than,9,3,1,,
11,2,smaller-than,9,4,0,,
11,2,smaller-than,10,4,1,,
11,2,smaller-than,10,1,1,,
11,2,smaller-than,10,4,1,,
11,2,smaller-than,10,2,0,,
11,2,smaller-than,10,3,1,,
11,2,smaller-than,11,4,1,,
11,2,smaller-than,11,5,1,,
11,2,smaller-than,11,2,1,,
11,2,smaller-than,12,5,1,,
11,2,smaller-than,12,2,0,,
11,2,smaller-than,12,1,1,,
11,2,smaller-than,12,2,0,,
11,2,smaller-than,12,3,1,,
11,2,smaller-than,13,4,1,,
11,2,smaller-than,13,2,0,,
11,2,smaller-than,13,1,0,,
11,2,smaller-than,13,4,0,,
11,2,smaller-than,13,5,1,,
11,2,smaller-than,13,6,1,,
11,2,smaller-than,13,3,1,,
11,2,smaller-than,14,4,1,,
11,2,smaller-than,14,1,1,,
11,2,smaller-than,14,4,1,,
11,2,smaller-than,14,5,1,,
11,2,smaller-than,14,2,1,,
11,2,smaller-than,15,4,0,,
11,2,smaller-than,15,5,1,,
11,2,smaller-than,15,6,0,,
11,2,smaller-than,15,3,1,,
11,2,smaller-than,15,2,0,,
11,2,smaller-than,15,1,1,,
11,2,smaller-than,16,4,1,,
11,2,smaller-than,16,1,0,,
11,2,smaller-than,16,5,1,,
11,2,smaller-than,16,4,1,,
11,2,smaller-than,16,5,0,,
11,2,smaller-than,16,6,1,,
11,2,smaller-than,16,2,0,,
11,2,smaller-than,17,1,1,,
11,2,smaller-than,17,5,0,,
11,2,smaller-than,17,2,1,,
11,2,smaller-than,17,6,0,,
11,2,smaller-than,17,3,1,,
11,2,smaller-than,18,4,1,,
11,2,smaller-than,18,1,1,,
11,2,smaller-than,18,2,0,,
11,2,smaller-than,18,3,1,,
11,2,smaller-than,19,6,0,,
11,2,smaller-than,19,5,1,,
11,2,smaller-than,19,2,1,,
11,2,smaller-than,19,4,0,,
11,2,smaller-than,19,1,1,,
11,2,smaller-than,20,6,1,,
11,2,smaller-than,20,5,1,,
11,2,smaller-than,20,4,1,,
11,2,smaller-than,20,5,1,,
11,2,smaller-than,20,1,1,,
11,2,smaller-than,20,6,0,,
11,2,smaller-than,21,5,1,,
11,2,smaller-than,21,4,0,,
11,2,smaller-than,21,1,1,,
11,2,smaller-than,22,5,0,,
11,2,smaller-than,22,6,1,,
11,2,smaller-than,22,4,1,,
11,2,smaller-than,22,1,1,,
11,2,smaller-than,23,5,1,,
11,2,smaller-than,23,6,1,,
11,2,smaller-than,23,3,0,,
11,2,smaller-than,23,2,1,,
11,2,smaller-than,24,6,1,,
11,2,smaller-than,24,2,0,,
11,2,smaller-than,24,5,1,,
11,2,smaller-than,24,4,0,,
11,2,smaller-than,24,3,1,,
11,2,smaller-than,25,5,1,,
11,2,smaller-than,25,4,1,,
11,2,smaller-than,25,1,1,,
11,2,smaller-than,26,6,0,,
11,2,smaller-than,26,5,1,,
11,2,smaller-than,26,1,1,,
11,2,smaller-than,26,3,1,,
11,2,smaller-than,27,6,1,,
11,2,smaller-than,27,5,1,,
11,2,smaller-than,27,4,0,,
11,2,smaller-than,27,2,1,,
11,2,smaller-than,28,5,0,,
11,2,smaller-than,28,2,1,,
11,2,smaller-than,28,1,1,,
11,2,smaller-than,28,4,0,,
11,2,smaller-than,28,3,1,,
11,2,smaller-than,29,5,0,,
11,2,smaller-than,29,6,1,,
11,2,smaller-than,29,2,1,,
11,2,smaller-than,29,3,1,,
11,2,smaller-than,30,5,1,,
11,2,smaller-than,30,4,1,,
11,2,smaller-than,30,1,1,,
12,3,smaller-than,1,6,0,,
12,3,smaller-than,1,4,0,,
12,3,smaller-than,1,2,1,,
12,3,smaller-than,1,1,1,,
12,3,smaller-than,1,3,0,,
12,3,smaller-than,1,5,1,,
12,3,smaller-than,2,6,0,,
12,3,smaller-than,2,5,1,,
12,3,smaller-than,2,2,1,,
12,3,smaller-than,2,1,0,,
12,3,smaller-than,2,5,1,,
12,3,smaller-than,2,6,0,,
12,3,smaller-than,2,3,1,,
12,3,smaller-than,2,5,1,,
12,3,smaller-than,2,2,1,,
12,3,smaller-than,2,5,1,,
12,3,smaller-than,3,5,0,,
12,3,smaller-than,3,4,0,,
12,3,smaller-than,3,6,1,,
12,3,smaller-than,3,3,1,,
12,3,smaller-than,3,2,0,,
12,3,smaller-than,3,1,1,,
12,3,smaller-than,3,4,0,,
12,3,smaller-than,3,5,0,,
12,3,smaller-than,3,6,1,,
12,3,smaller-than,3,3,1,,
12,3,smaller-than,3,6,1,,
12,3,smaller-than,3,5,0,,
12,3,smaller-than,3,4,0,,
12,3,smaller-than,3,3,1,,
12,3,smaller-than,3,1,1,,
12,3,smaller-than,4,4,0,,
12,3,smaller-than,4,5,0,,
12,3,smaller-than,4,3,0,,
12,3,smaller-than,4,6,1,,
12,3,smaller-than,4,5,0,,
12,3,smaller-than,4,3,0,,
12,3,smaller-than,4,2,1,,
12,3,smaller-than,4,3,0,,
12,3,smaller-than,5,6,0,,
12,3,smaller-than,5,3,1,,
12,3,smaller-than,5,2,0,,
12,3,smaller-than,5,1,0,,
12,3,smaller-than,5,5,1,,
12,3,smaller-than,5,2,0,,
12,3,smaller-than,5,4,1,,
12,3,smaller-than,6,6,0,,
12,3,smaller-than,6,1,0,,
12,3,smaller-than,6,4,0,,
12,3,smaller-than,6,1,1,,
12,3,smaller-than,6,2,0,,
12,3,smaller-than,6,5,1,,
12,3,smaller-than,6,1,1,,
12,3,smaller-than,6,3,1,,
12,3,smaller-than,7,5,1,,
12,3,smaller-than,7,2,0,,
12,3,smaller-than,7,1,1,,
12,3,smaller-than,7,3,1,,
12,3,smaller-than,8,5,1,,
12,3,smaller-than,8,4,1,,
12,3,smaller-than,8,1,0,,
12,3,smaller-than,8,6,0,,
12,3,smaller-than,8,5,1,,
12,3,smaller-than,8,1,0,,
12,3,smaller-than,8,2,1,,
12,3,smaller-than,9,6,1,,
12,3,smaller-than,9,3,0,,
12,3,smaller-than,9,4,1,,
12,3,smaller-than,9,5,0,,
12,3,smaller-than,9,4,1,,
12,3,smaller-than,9,1,0,,
12,3,smaller-than,10,6,0,,
12,3,smaller-than,10,5,0,,
12,3,smaller-than,10,2,1,,
12,3,smaller-than,10,3,1,,
12,3,smaller-than,11,6,0,,
12,3,smaller-than,11,2,1,,
12,3,smaller-than,11,3,0,,
12,3,smaller-than,11,1,1,,
12,3,smaller-than,11,5,1,,
12,3,smaller-than,12,5,1,,
12,3,smaller-than,12,2,1,,
12,3,smaller-than,12,3,1,,
12,3,smaller-than,12,1,0,,
12,3,smaller-than,12,3,1,,
12,3,smaller-than,12,4,0,,
12,3,smaller-than,13,6,0,,
12,3,smaller-than,13,5,0,,
12,3,smaller-than,13,4,0,,
12,3,smaller-than,13,2,0,,
12,3,smaller-than,13,3,1,,
12,3,smaller-than,13,5,0,,
12,3,smaller-than,13,3,1,,
12,3,smaller-than,13,2,1,,
12,3,smaller-than,13,1,1,,
12,3,smaller-than,14,4,0,,
12,3,smaller-than,14,1,0,,
12,3,smaller-than,14,5,1,,
12,3,smaller-than,14,4,0,,
12,3,smaller-than,14,5,1,,
12,3,smaller-than,14,6,1,,
12,3,smaller-than,14,3,0,,
12,3,smaller-than,14,2,1,,
12,3,smaller-than,15,6,1,,
12,3,smaller-than,15,5,0,,
12,3,smaller-than,15,1,1,,
12,3,smaller-than,15,2,0,,
12,3,smaller-than,15,3,0,,
12,3,smaller-than,15,1,1,,
12,3,smaller-than,15,4,1,,
12,3,smaller-than,16,6,1,,
12,3,smaller-than,16,3,1,,
12,3,smaller-than,16,2,0,,
12,3,smaller-than,16,1,0,,
12,3,smaller-than,16,4,1,,
12,3,smaller-than,17,6,1,,
12,3,smaller-than,17,3,0,,
12,3,smaller-than,17,5,1,,
12,3,smaller-than,17,2,0,,
12,3,smaller-than,17,4,1,,
12,3,smaller-than,18,6,1,,
12,3,smaller-than,18,5,0,,
12,3,smaller-than,18,4,1,,
12,3,smaller-than,18,5,0,,
12,3,smaller-than,18,6,1,,
12,3,smaller-than,18,3,0,,
12,3,smaller-than,18,4,1,,
12,3,smaller-than,18,1,0,,
12,3,smaller-than,18,2,1,,
12,3,smaller-than,19,6,0,,
12,3,smaller-than,19,5,1,,
12,3,smaller-than,19,2,1,,
12,3,smaller-than,19,4,0,,
12,3,smaller-than,19,1,1,,
12,3,smaller-than,20,6,1,,
12,3,smaller-than,20,5,1,,
12,3,smaller-than,20,4,1,,
12,3,smaller-than,21,5,1,,
12,3,smaller-than,21,1,1,,
12,3,smaller-than,21,6,0,,
12,3,smaller-than,21,5,1,,
12,3,smaller-than,21,4,0,,
12,3,smaller-than,21,1,1,,
12,3,smaller-than,22,5,0,,
12,3,smaller-than,22,6,1,,
12,3,smaller-than,22,4,1,,
12,3,smaller-than,22,1,1,,
12,3,smaller-than,23,5,1,,
12,3,smaller-than,23,6,1,,
12,3,smaller-than,23,3,0,,
12,3,smaller-than,23,2,1,,
12,3,smaller-than,24,6,1,,
12,3,smaller-than,24,2,0,,
12,3,smaller-than,24,5,1,,
12,3,smaller-than,24,4,0,,
12,3,smaller-than,24,3,1,,
12,3,smaller-than,25,5,1,,
12,3,smaller-than,25,4,1,,
12,3,smaller-than,25,1,1,,
12,3,smaller-than,26,6,0,,
12,3,smaller-than,26,5,1,,
12,3,smaller-than,26,1,1,,
12,3,smaller-than,26,3,1,,
12,3,smaller-than,27,6,1,,
12,3,smaller-than,27,5,1,,
12,3,smaller-than,27,4,0,,
12,3,smaller-than,27,2,1,,
12,3,smaller-than,28,5,0,,
12,3,smaller-than,28,2,1,,
12,3,smaller-than,28,1,1,,
12,3,smaller-than,28,4,0,,
12,3,smaller-than,28,3,1,,
12,3,smaller-than,29,5,1,,
12,3,smaller-than,29,4,1,,
12,3,smaller-than,29,1,1,,
12,3,smaller-than,30,5,0,,
12,3,smaller-than,30,6,1,,
12,3,smaller-than,30,2,1,,
12,3,smaller-than,30,3,1,,
13,3,bigger-than,1,5,1,,
13,3,bigger-than,1,6,1,,
13,3,bigger-than,1,3,0,,
13,3,bigger-than,1,2,0,,
13,3,bigger-than,1,4,0,,
13,3,bigger-than,1,3,0,,
13,3,bigger-than,1,6,1,,
13,3,bigger-than,1,5,1,,
13,3,bigger-than,1,4,0,,
13,3,bigger-than,1,1,1,,
13,3,bigger-than,2,6,0,,
13,3,bigger-than,2,2,1,,
13,3,bigger-than,2,1,0,,
13,3,bigger-than,2,6,0,,
13,3,bigger-than,2,2,1,,
13,3,bigger-than,2,5,1,,
13,3,bigger-than,2,1,0,,
13,3,bigger-than,2,6,0,,
13,3,bigger-than,2,4,1,,
13,3,bigger-than,3,5,0,,
13,3,bigger-than,3,2,1,,
13,3,bigger-than,3,4,1,,
13,3,bigger-than,3,5,0,,
13,3,bigger-than,3,4,1,,
13,3,bigger-than,3,1,0,,
13,3,bigger-than,3,3,1,,
13,3,bigger-than,4,6,0,,
13,3,bigger-than,4,5,1,,
13,3,bigger-than,4,2,0,,
13,3,bigger-than,4,3,1,,
13,3,bigger-than,4,2,0,,
13,3,bigger-than,4,1,1,,
13,3,bigger-than,4,4,0,,
13,3,bigger-than,4,5,1,,
13,3,bigger-than,4,2,0,,
13,3,bigger-than,5,4,1,,
13,3,bigger-than,5,1,0,,
13,3,bigger-than,5,5,1,,
13,3,bigger-than,5,2,0,,
13,3,bigger-than,5,6,1,,
13,3,bigger-than,6,4,1,,
13,3,bigger-than,6,1,0,,
13,3,bigger-than,6,2,1,,
13,3,bigger-than,6,3,0,,
13,3,bigger-than,6,6,1,,
13,3,bigger-than,6,3,0,,
13,3,bigger-than,7,5,1,,
13,3,bigger-than,7,6,0,,
13,3,bigger-than,7,4,1,,
13,3,bigger-than,7,2,0,,
13,3,bigger-than,7,5,1,,
13,3,bigger-than,7,4,1,,
13,3,bigger-than,7,6,0,,
13,3,bigger-than,7,5,1,,
13,3,bigger-than,7,2,0,,
13,3,bigger-than,7,1,1,,
13,3,bigger-than,8,5,1,,
13,3,bigger-than,8,2,0,,
13,3,bigger-than,8,4,0,,
13,3,bigger-than,8,5,1,,
13,3,bigger-than,8,4,0,,
13,3,bigger-than,8,3,1,,
13,3,bigger-than,8,6,1,,
13,3,bigger-than,8,5,1,,
13,3,bigger-than,8,6,1,,
13,3,bigger-than,8,3,1,,
13,3,bigger-than,9,4,0,,
13,3,bigger-than,9,5,0,,
13,3,bigger-than,9,4,0,,
13,3,bigger-than,9,2,1,,
13,3,bigger-than,9,4,0,,
13,3,bigger-than,9,5,0,,
13,3,bigger-than,9,6,0,,
13,3,bigger-than,9,2,1,,
13,3,bigger-than,9,1,1,,
13,3,bigger-than,9,2,1,,
13,3,bigger-than,9,1,1,,
13,3,bigger-than,9,4,0,,
13,3,bigger-than,9,6,0,,
13,3,bigger-than,9,3,1,,
13,3,bigger-than,10,5,1,,
13,3,bigger-than,10,2,1,,
13,3,bigger-than,10,1,1,,
13,3,bigger-than,11,4,0,,
13,3,bigger-than,11,1,1,,
13,3,bigger-than,11,3,1,,
13,3,bigger-than,11,6,1,,
13,3,bigger-than,12,5,0,,
13,3,bigger-than,12,6,1,,
13,3,bigger-than,12,5,0,,
13,3,bigger-than,12,2,0,,
13,3,bigger-than,12,3,0,,
13,3,bigger-than,12,1,1,,
13,3,bigger-than,13,5,1,,
13,3,bigger-than,13,2,1,,
13,3,bigger-than,13,3,0,,
13,3,bigger-than,13,4,0,,
13,3,bigger-than,14,2,0,,
13,3,bigger-than,14,3,1,,
13,3,bigger-than,14,6,1,,
13,3,bigger-than,14,4,1,,
13,3,bigger-than,15,4,1,,
13,3,bigger-than,15,5,0,,
13,3,bigger-than,15,2,1,,
13,3,bigger-than,15,4,1,,
13,3,bigger-than,15,1,0,,
13,3,bigger-than,15,4,1,,
13,3,bigger-than,15,3,0,,
13,3,bigger-than,15,6,1,,
13,3,bigger-than,16,5,1,,
13,3,bigger-than,16,2,0,,
13,3,bigger-than,16,4,0,,
13,3,bigger-than,16,6,0,,
13,3,bigger-than,16,3,1,,
13,3,bigger-than,16,1,1,,
13,3,bigger-than,16,5,1,,
13,3,bigger-than,17,5,1,,
13,3,bigger-than,17,6,0,,
13,3,bigger-than,17,3,1,,
13,3,bigger-than,17,2,1,,
13,3,bigger-than,18,5,1,,
13,3,bigger-than,18,2,1,,
13,3,bigger-than,18,4,1,,
13,3,bigger-than,19,5,0,,
13,3,bigger-than,19,4,1,,
13,3,bigger-than,19,1,1,,
13,3,bigger-than,19,4,1,,
13,3,bigger-than,19,5,0,,
13,3,bigger-than,19,3,1,,
13,3,bigger-than,20,5,0,,
13,3,bigger-than,20,2,0,,
13,3,bigger-than,20,3,1,,
13,3,bigger-than,20,6,1,,
13,3,bigger-than,20,3,1,,
13,3,bigger-than,20,2,0,,
13,3,bigger-than,20,4,1,,
13,3,bigger-than,21,4,0,,
13,3,bigger-than,21,1,1,,
13,3,bigger-than,21,5,0,,
13,3,bigger-than,21,2,1,,
13,3,bigger-than,21,3,1,,
13,3,bigger-than,22,5,1,,
13,3,bigger-than,22,4,0,,
13,3,bigger-than,22,1,1,,
13,3,bigger-than,22,5,1,,
13,3,bigger-than,22,3,1,,
13,3,bigger-than,23,6,0,,
13,3,bigger-than,23,3,1,,
13,3,bigger-than,23,2,0,,
13,3,bigger-than,23,6,0,,
13,3,bigger-than,23,4,0,,
13,3,bigger-than,23,1,1,,
13,3,bigger-than,24,5,1,,
13,3,bigger-than,24,6,1,,
13,3,bigger-than,24,1,0,,
13,3,bigger-than,24,5,1,,
13,3,bigger-than,24,6,1,,
13,3,bigger-than,24,4,1,,
13,3,bigger-than,25,4,1,,
13,3,bigger-than,25,3,1,,
13,3,bigger-than,25,5,0,,
13,3,bigger-than,25,4,1,,
13,3,bigger-than,25,6,1,,
13,3,bigger-than,26,2,1,,
13,3,bigger-than,26,3,0,,
13,3,bigger-than,26,5,1,,
13,3,bigger-than,26,4,0,,
13,3,bigger-than,26,1,1,,
13,3,bigger-than,27,5,1,,
13,3,bigger-than,27,6,0,,
13,3,bigger-than,27,3,1,,
13,3,bigger-than,27,5,1,,
13,3,bigger-than,27,4,0,,
13,3,bigger-than,28,4,0,,
13,3,bigger-than,28,1,1,,
13,3,bigger-than,28,2,1,,
13,3,bigger-than,28,1,1,,
13,3,bigger-than,28,4,0,,
13,3,bigger-than,28,6,1,,
13,3,bigger-than,29,5,1,,
13,3,bigger-than,29,4,0,,
13,3,bigger-than,29,1,1,,
13,3,bigger-than,29,5,1,,
13,3,bigger-than,29,2,0,,
13,3,bigger-than,29,3,1,,
13,3,bigger-than,30,3,1,,
13,3,bigger-than,30,6,1,,
13,3,bigger-than,30,4,1,,
14,3,bigger-than,1,5,0,,
14,3,bigger-than,1,4,0,,
14,3,bigger-than,1,3,1,,
14,3,bigger-than,1,5,0,,
14,3,bigger-than,1,6,1,,
14,3,bigger-than,1,2,1,,
14,3,bigger-than,2,6,1,,
14,3,bigger-than,2,5,0,,
14,3,bigger-than,2,3,0,,
14,3,bigger-than,2,5,0,,
14,3,bigger-than,2,4,1,,
14,3,bigger-than,3,2,1,,
14,3,bigger-than,3,1,0,,
14,3,bigger-than,3,2,1,,
14,3,bigger-than,3,3,0,,
14,3,bigger-than,3,5,1,,
14,3,bigger-than,4,4,0,,
14,3,bigger-than,4,1,0,,
14,3,bigger-than,4,5,1,,
14,3,bigger-than,4,6,1,,
14,3,bigger-than,4,5,0,,
14,3,bigger-than,4,6,1,,
14,3,bigger-than,5,4,1,,
14,3,bigger-than,5,1,0,,
14,3,bigger-than,5,2,1,,
14,3,bigger-than,6,4,0,,
14,3,bigger-than,6,1,0,,
14,3,bigger-than,6,2,1,,
14,3,bigger-than,6,5,1,,
14,3,bigger-than,6,1,0,,
14,3,bigger-than,7,4,1,,
14,3,bigger-than,7,5,1,,
14,3,bigger-than,7,2,0,,
14,3,bigger-than,7,4,0,,
14,3,bigger-than,7,6,1,,
14,3,bigger-than,8,2,1,,
14,3,bigger-than,8,4,0,,
14,3,bigger-than,8,1,1,,
14,3,bigger-than,8,5,0,,
14,3,bigger-than,8,3,1,,
14,3,bigger-than,9,6,0,,
14,3,bigger-than,9,5,1,,
14,3,bigger-than,9,6,0,,
14,3,bigger-than,9,3,1,,
14,3,bigger-than,9,2,1,,
14,3,bigger-than,10,6,0,,
14,3,bigger-than,10,5,0,,
14,3,bigger-than,10,4,1,,
14,3,bigger-than,10,1,1,,
14,3,bigger-than,10,4,0,,
14,3,bigger-than,10,6,0,,
14,3,bigger-than,10,3,1,,
14,3,bigger-than,11,5,1,,
14,3,bigger-than,11,6,0,,
14,3,bigger-than,11,4,1,,
14,3,bigger-than,11,2,1,,
14,3,bigger-than,12,5,1,,
14,3,bigger-than,12,2,0,,
14,3,bigger-than,12,1,1,,
14,3,bigger-than,12,4,0,,
14,3,bigger-than,12,3,1,,
14,3,bigger-than,13,5,1,,
14,3,bigger-than,13,2,1,,
14,3,bigger-than,13,4,0,,
14,3,bigger-than,13,5,0,,
14,3,bigger-than,13,4,1,,
14,3,bigger-than,14,5,0,,
14,3,bigger-than,14,6,1,,
14,3,bigger-than,14,3,0,,
14,3,bigger-than,14,5,1,,
14,3,bigger-than,14,1,1,,
14,3,bigger-than,14,3,0,,
14,3,bigger-than,15,5,0,,
14,3,bigger-than,15,4,0,,
14,3,bigger-than,15,1,1,,
14,3,bigger-than,15,3,1,,
14,3,bigger-than,16,6,1,,
14,3,bigger-than,16,5,0,,
14,3,bigger-than,16,4,1,,
14,3,bigger-than,16,2,1,,
14,3,bigger-than,16,1,0,,
14,3,bigger-than,17,4,0,,
14,3,bigger-than,17,1,1,,
14,3,bigger-than,17,2,1,,
14,3,bigger-than,17,5,0,,
14,3,bigger-than,17,2,1,,
14,3,bigger-than,17,6,0,,
14,3,bigger-than,18,4,1,,
14,3,bigger-than,18,2,0,,
14,3,bigger-than,18,4,1,,
14,3,bigger-than,18,1,1,,
14,3,bigger-than,18,4,1,,
14,3,bigger-than,18,6,0,,
14,3,bigger-than,18,3,1,,
14,3,bigger-than,19,5,1,,
14,3,bigger-than,19,2,0,,
14,3,bigger-than,19,4,1,,
14,3,bigger-than,19,6,1,,
14,3,bigger-than,20,6,1,,
14,3,bigger-than,20,3,0,,
14,3,bigger-than,20,5,1,,
14,3,bigger-than,20,2,0,,
14,3,bigger-than,21,4,1,,
14,3,bigger-than,21,5,0,,
14,3,bigger-than,21,2,1,,
14,3,bigger-than,21,1,1,,
14,3,bigger-than,22,6,0,,
14,3,bigger-than,22,2,1,,
14,3,bigger-than,22,3,0,,
14,3,bigger-than,22,1,1,,
14,3,bigger-than,22,5,1,,
14,3,bigger-than,23,5,1,,
14,3,bigger-than,23,2,0,,
14,3,bigger-than,23,3,1,,
14,3,bigger-than,23,1,0,,
14,3,bigger-than,23,3,1,,
14,3,bigger-than,23,4,0,,
14,3,bigger-than,24,6,0,,
14,3,bigger-than,24,5,0,,
14,3,bigger-than,24,4,0,,
14,3,bigger-than,24,2,1,,
14,3,bigger-than,24,3,1,,
14,3,bigger-than,24,5,0,,
14,3,bigger-than,24,3,1,,
14,3,bigger-than,24,2,1,,
14,3,bigger-than,24,1,1,,
14,3,bigger-than,25,4,0,,
14,3,bigger-than,25,1,0,,
14,3,bigger-than,25,5,1,,
14,3,bigger-than,25,4,0,,
14,3,bigger-than,25,5,1,,
14,3,bigger-than,25,6,1,,
14,3,bigger-than,25,3,0,,
14,3,bigger-than,25,2,1,,
14,3,bigger-than,26,5,1,,
14,3,bigger-than,26,4,1,,
14,3,bigger-than,26,1,0,,
14,3,bigger-than,26,6,0,,
14,3,bigger-than,26,5,1,,
14,3,bigger-than,26,1,0,,
14,3,bigger-than,26,2,1,,
14,3,bigger-than,27,2,0,,
14,3,bigger-than,27,3,1,,
14,3,bigger-than,27,6,1,,
14,3,bigger-than,27,5,0,,
14,3,bigger-than,27,4,1,,
14,3,bigger-than,27,1,0,,
14,3,bigger-than,28,6,0,,
14,3,bigger-than,28,5,1,,
14,3,bigger-than,28,2,1,,
14,3,bigger-than,28,3,1,,
14,3,bigger-than,29,6,1,,
14,3,bigger-than,29,5,1,,
14,3,bigger-than,29,4,1,,
14,3,bigger-than,30,1,0,,
14,3,bigger-than,30,1,1,,
14,3,bigger-than,30,5,1,,
14,3,bigger-than,30,5,1,,
14,3,bigger-than,30,4,0,,
14,3,bigger-than,30,1,1,,
15,3,smaller-than,1,5,1,,
15,3,smaller-than,1,6,0,,
15,3,smaller-than,1,4,1,,
15,3,smaller-than,1,6,0,,
15,3,smaller-than,1,3,0,,
15,3,smaller-than,1,2,1,,
15,3,smaller-than,2,4,1,,
15,3,smaller-than,2,5,0,,
15,3,smaller-than,2,6,0,,
15,3,smaller-than,2,4,1,,
15,3,smaller-than,2,5,0,,
15,3,smaller-than,3,4,0,,
15,3,smaller-than,3,5,0,,
15,3,smaller-than,3,6,1,,
15,3,smaller-than,4,5,1,,
15,3,smaller-than,4,6,1,,
15,3,smaller-than,4,4,0,,
15,3,smaller-than,5,5,0,,
15,3,smaller-than,5,4,0,,
15,3,smaller-than,5,6,0,,
15,3,smaller-than,5,1,1,,
15,3,smaller-than,5,2,1,,
15,3,smaller-than,5,5,0,,
15,3,smaller-than,5,6,0,,
15,3,smaller-than,5,4,0,,
15,3,smaller-than,5,6,0,,
15,3,smaller-than,5,3,1,,
15,3,smaller-than,6,6,0,,
15,3,smaller-than,6,5,1,,
15,3,smaller-than,6,4,0,,
15,3,smaller-than,6,2,1,,
15,3,smaller-than,6,1,0,,
15,3,smaller-than,6,4,0,,
15,3,smaller-than,6,6,0,,
15,3,smaller-than,6,3,1,,
15,3,smaller-than,6,5,1,,
15,3,smaller-than,6,6,0,,
15,3,smaller-than,7,6,1,,
15,3,smaller-than,7,5,1,,
15,3,smaller-than,8,5,0,,
15,3,smaller-than,8,6,0,,
15,3,smaller-than,8,4,1,,
15,3,smaller-than,8,5,0,,
15,3,smaller-than,8,4,1,,
15,3,smaller-than,8,5,0,,
15,3,smaller-than,8,1,0,,
15,3,smaller-than,8,5,0,,
15,3,smaller-than,8,4,1,,
15,3,smaller-than,8,3,1,,
15,3,smaller-than,8,2,1,,
15,3,smaller-than,9,6,1,,
15,3,smaller-than,9,5,0,,
15,3,smaller-than,9,6,1,,
15,3,smaller-than,9,3,0,,
15,3,smaller-than,9,2,1,,
15,3,smaller-than,9,3,0,,
15,3,smaller-than,9,4,0,,
15,3,smaller-than,9,1,0,,
15,3,smaller-than,10,5,1,,
15,3,smaller-than,10,6,0,,
15,3,smaller-than,10,1,1,,
15,3,smaller-than,10,4,0,,
15,3,smaller-than,10,5,1,,
15,3,smaller-than,10,6,0,,
15,3,smaller-than,10,3,1,,
15,3,smaller-than,11,6,1,,
15,3,smaller-than,11,3,0,,
15,3,smaller-than,11,2,1,,
15,3,smaller-than,11,5,0,,
15,3,smaller-than,11,2,1,,
15,3,smaller-than,11,1,1,,
15,3,smaller-than,12,6,0,,
15,3,smaller-than,12,5,0,,
15,3,smaller-than,12,2,1,,
15,3,smaller-than,12,3,1,,
15,3,smaller-than,12,4,1,,
15,3,smaller-than,13,6,1,,
15,3,smaller-than,13,3,0,,
15,3,smaller-than,13,4,1,,
15,3,smaller-than,13,5,0,,
15,3,smaller-than,13,2,1,,
15,3,smaller-than,14,2,1,,
15,3,smaller-than,14,6,0,,
15,3,smaller-than,14,3,1,,
15,3,smaller-than,14,6,0,,
15,3,smaller-than,14,4,0,,
15,3,smaller-than,14,2,1,,
15,3,smaller-than,14,3,1,,
15,3,smaller-than,14,5,0,,
15,3,smaller-than,14,2,1,,
15,3,smaller-than,14,1,1,,
15,3,smaller-than,15,6,1,,
15,3,smaller-than,15,3,1,,
15,3,smaller-than,15,2,1,,
15,3,smaller-than,16,6,0,,
15,3,smaller-than,16,5,0,,
15,3,smaller-than,16,4,1,,
15,3,smaller-than,16,1,1,,
15,3,smaller-than,16,5,0,,
15,3,smaller-than,16,6,0,,
15,3,smaller-than,16,4,1,,
15,3,smaller-than,16,1,1,,
15,3,smaller-than,16,2,1,,
15,3,smaller-than,17,6,1,,
15,3,smaller-than,17,3,0,,
15,3,smaller-than,17,5,1,,
15,3,smaller-than,17,4,1,,
15,3,smaller-than,18,5,1,,
15,3,smaller-than,18,2,0,,
15,3,smaller-than,18,1,1,,
15,3,smaller-than,18,3,1,,
15,3,smaller-than,19,6,0,,
15,3,smaller-than,19,2,1,,
15,3,smaller-than,19,6,0,,
15,3,smaller-than,19,3,0,,
15,3,smaller-than,19,4,1,,
15,3,smaller-than,19,5,1,,
15,3,smaller-than,20,6,1,,
15,3,smaller-than,20,4,1,,
15,3,smaller-than,20,5,0,,
15,3,smaller-than,20,3,1,,
15,3,smaller-than,21,4,0,,
15,3,smaller-than,21,5,1,,
15,3,smaller-than,21,2,1,,
15,3,smaller-than,21,3,1,,
15,3,smaller-than,22,1,1,,
15,3,smaller-than,22,2,1,,
15,3,smaller-than,22,3,1,,
15,3,smaller-than,23,5,1,,
15,3,smaller-than,23,6,1,,
15,3,smaller-than,23,3,0,,
15,3,smaller-than,23,2,1,,
15,3,smaller-than,24,2,0,,
15,3,smaller-than,24,6,1,,
15,3,smaller-than,24,5,1,,
15,3,smaller-than,24,4,0,,
15,3,smaller-than,24,3,1,,
15,3,smaller-than,25,5,1,,
15,3,smaller-than,25,4,1,,
15,3,smaller-than,25,1,0,,
15,3,smaller-than,26,6,0,,
15,3,smaller-than,26,5,0,,
15,3,smaller-than,26,1,1,,
15,3,smaller-than,26,3,1,,
15,3,smaller-than,27,6,1,,
15,3,smaller-than,27,5,1,,
15,3,smaller-than,27,4,0,,
15,3,smaller-than,27,2,1,,
15,3,smaller-than,28,5,0,,
15,3,smaller-than,28,2,1,,
15,3,smaller-than,28,1,1,,
15,3,smaller-than,28,4,1,,
15,3,smaller-than,28,3,1,,
15,3,smaller-than,29,5,1,,
15,3,smaller-than,29,4,1,,
15,3,smaller-than,29,1,1,,
15,3,smaller-than,30,5,0,,
15,3,smaller-than,30,6,1,,
15,3,smaller-than,30,2,1,,
15,3,smaller-than,30,3,1,,
16,3,smaller-than,1,4,1,,
16,3,smaller-than,1,5,0,,
16,3,smaller-than,1,6,1,,
16,3,smaller-than,1,5,0,,
16,3,smaller-than,1,4,1,,
16,3,smaller-than,2,6,0,,
16,3,smaller-than,2,5,1,,
16,3,smaller-than,2,4,0,,
16,3,smaller-than,2,2,0,,
16,3,smaller-than,2,1,1,,
16,3,smaller-than,3,2,0,,
16,3,smaller-than,3,4,0,,
16,3,smaller-than,3,6,1,,
16,3,smaller-than,3,5,0,,
16,3,smaller-than,3,4,0,,
16,3,smaller-than,3,6,1,,
16,3,smaller-than,3,1,1,,
16,3,smaller-than,3,3,1,,
16,3,smaller-than,4,1,0,,
16,3,smaller-than,4,5,1,,
16,3,smaller-than,4,4,0,,
16,3,smaller-than,4,6,1,,
16,3,smaller-than,4,5,1,,
16,3,smaller-than,4,6,1,,
16,3,smaller-than,4,3,0,,
16,3,smaller-than,4,4,0,,
16,3,smaller-than,4,6,1,,
16,3,smaller-than,4,3,0,,
16,3,smaller-than,4,4,0,,
16,3,smaller-than,4,1,0,,
16,3,smaller-than,5,6,1,,
16,3,smaller-than,5,4,0,,
16,3,smaller-than,5,3,1,,
16,3,smaller-than,5,6,0,,
16,3,smaller-than,5,5,0,,
16,3,smaller-than,5,4,0,,
16,3,smaller-than,5,1,1,,
16,3,smaller-than,6,1,1,,
16,3,smaller-than,6,2,0,,
16,3,smaller-than,6,3,0,,
16,3,smaller-than,6,1,1,,
16,3,smaller-than,6,5,1,,
16,3,smaller-than,6,4,1,,
16,3,smaller-than,6,2,0,,
16,3,smaller-than,7,2,1,,
16,3,smaller-than,7,5,1,,
16,3,smaller-than,7,2,1,,
16,3,smaller-than,7,1,0,,
16,3,smaller-than,8,4,1,,
16,3,smaller-than,8,1,1,,
16,3,smaller-than,8,2,0,,
16,3,smaller-than,8,4,1,,
16,3,smaller-than,8,5,0,,
16,3,smaller-than,8,5,0,,
16,3,smaller-than,8,3,0,,
16,3,smaller-than,8,6,1,,
16,3,smaller-than,8,3,0,,
16,3,smaller-than,9,4,0,,
16,3,smaller-than,9,5,1,,
16,3,smaller-than,9,6,0,,
16,3,smaller-than,9,1,1,,
16,3,smaller-than,9,2,1,,
16,3,smaller-than,10,6,1,,
16,3,smaller-than,10,2,0,,
16,3,smaller-than,10,1,0,,
16,3,smaller-than,10,4,1,,
16,3,smaller-than,10,1,0,,
16,3,smaller-than,10,4,1,,
16,3,smaller-than,10,5,1,,
16,3,smaller-than,11,6,1,,
16,3,smaller-than,11,1,1,,
16,3,smaller-than,11,2,0,,
16,3,smaller-than,11,6,1,,
16,3,smaller-than,11,3,0,,
16,3,smaller-than,12,2,1,,
16,3,smaller-than,12,6,0,,
16,3,smaller-than,12,5,0,,
16,3,smaller-than,12,2,1,,
16,3,smaller-than,12,4,1,,
16,3,smaller-than,12,3,1,,
16,3,smaller-than,13,2,1,,
16,3,smaller-than,13,1,0,,
16,3,smaller-than,13,4,1,,
16,3,smaller-than,13,1,0,,
16,3,smaller-than,13,2,1,,
16,3,smaller-than,13,6,1,,
16,3,smaller-than,14,4,1,,
16,3,smaller-than,14,5,0,,
16,3,smaller-than,14,1,1,,
16,3,smaller-than,14,2,1,,
16,3,smaller-than,15,6,0,,
16,3,smaller-than,15,3,1,,
16,3,smaller-than,15,5,1,,
16,3,smaller-than,15,2,0,,
16,3,smaller-than,15,5,1,,
16,3,smaller-than,15,1,1,,
16,3,smaller-than,16,5,1,,
16,3,smaller-than,16,4,1,,
16,3,smaller-than,16,1,0,,
16,3,smaller-than,16,2,0,,
16,3,smaller-than,16,3,0,,
16,3,smaller-than,16,4,1,,
16,3,smaller-than,16,1,0,,
16,3,smaller-than,16,5,1,,
16,3,smaller-than,16,6,1,,
16,3,smaller-than,17,5,0,,
16,3,smaller-than,17,6,1,,
16,3,smaller-than,17,3,0,,
16,3,smaller-than,17,2,1,,
16,3,smaller-than,17,1,1,,
16,3,smaller-than,18,6,1,,
16,3,smaller-than,18,5,0,,
16,3,smaller-than,18,4,1,,
16,3,smaller-than,18,1,0,,
16,3,smaller-than,18,4,1,,
16,3,smaller-than,18,5,0,,
16,3,smaller-than,18,6,1,,
16,3,smaller-than,18,2,0,,
16,3,smaller-than,19,5,1,,
16,3,smaller-than,19,6,1,,
16,3,smaller-than,19,3,0,,
16,3,smaller-than,19,5,1,,
16,3,smaller-than,19,4,0,,
16,3,smaller-than,19,2,1,,
16,3,smaller-than,20,5,0,,
16,3,smaller-than,20,4,0,,
16,3,smaller-than,20,6,1,,
16,3,smaller-than,20,5,0,,
16,3,smaller-than,20,2,1,,
16,3,smaller-than,20,1,1,,
16,3,smaller-than,21,6,0,,
16,3,smaller-than,21,5,1,,
16,3,smaller-than,21,3,1,,
16,3,smaller-than,21,4,1,,
16,3,smaller-than,21,1,0,,
16,3,smaller-than,21,5,1,,
16,3,smaller-than,22,6,0,,
16,3,smaller-than,22,3,1,,
16,3,smaller-than,22,4,1,,
16,3,smaller-than,22,1,0,,
16,3,smaller-than,22,6,0,,
16,3,smaller-than,22,3,1,,
16,3,smaller-than,22,4,1,,
16,3,smaller-than,22,2,1,,
16,3,smaller-than,23,2,0,,
16,3,smaller-than,23,1,1,,
16,3,smaller-than,23,3,1,,
16,3,smaller-than,23,6,0,,
16,3,smaller-than,23,1,1,,
16,3,smaller-than,23,2,0,,
16,3,smaller-than,23,3,1,,
16,3,smaller-than,23,5,1,,
16,3,smaller-than,24,4,1,,
16,3,smaller-than,24,2,1,,
16,3,smaller-than,24,1,0,,
16,3,smaller-than,24,4,1,,
16,3,smaller-than,24,6,1,,
16,3,smaller-than,25,4,0,,
16,3,smaller-than,25,3,1,,
16,3,smaller-than,25,2,1,,
16,3,smaller-than,25,1,1,,
16,3,smaller-than,26,6,1,,
16,3,smaller-than,26,4,1,,
16,3,smaller-than,26,1,0,,
16,3,smaller-than,26,2,1,,
16,3,smaller-than,27,5,0,,
16,3,smaller-than,27,4,1,,
16,3,smaller-than,27,1,1,,
16,3,smaller-than,27,3,1,,
16,3,smaller-than,28,6,1,,
16,3,smaller-than,28,5,1,,
16,3,smaller-than,28,4,0,,
16,3,smaller-than,28,1,1,,
16,3,smaller-than,29,1,1,,
16,3,smaller-than,29,4,0,,
16,3,smaller-than,29,5,0,,
16,3,smaller-than,29,3,1,,
16,3,smaller-than,29,6,1,,
16,3,smaller-than,30,6,0,,
16,3,smaller-than,30,5,1,,
16,3,smaller-than,30,2,1,,
16,3,smaller-than,30,3,1,,
17,3,bigger-than,1,6,0,,
17,3,bigger-than,1,5,1,,
17,3,bigger-than,1,2,1,,
17,3,bigger-than,1,5,1,,
17,3,bigger-than,1,3,0,,
17,3,bigger-than,1,1,0,,
17,3,bigger-than,1,5,1,,
17,3,bigger-than,1,6,0,,
17,3,bigger-than,1,4,1,,
17,3,bigger-than,2,5,0,,
17,3,bigger-than,2,4,0,,
17,3,bigger-than,2,6,0,,
17,3,bigger-than,2,5,0,,
17,3,bigger-than,2,2,1,,
17,3,bigger-than,2,4,0,,
17,3,bigger-than,2,1,1,,
17,3,bigger-than,2,3,1,,
17,3,bigger-than,3,5,1,,
17,3,bigger-than,3,6,0,,
17,3,bigger-than,3,3,1,,
17,3,bigger-than,3,2,0,,
17,3,bigger-than,3,4,0,,
17,3,bigger-than,3,6,0,,
17,3,bigger-than,3,4,0,,
17,3,bigger-than,3,1,1,,
17,3,bigger-than,3,2,0,,
17,3,bigger-than,3,3,1,,
17,3,bigger-than,3,2,0,,
17,3,bigger-than,3,6,0,,
17,3,bigger-than,4,4,0,,
17,3,bigger-than,4,1,1,,
17,3,bigger-than,4,5,0,,
17,3,bigger-than,4,4,0,,
17,3,bigger-than,4,6,1,,
17,3,bigger-than,4,5,0,,
17,3,bigger-than,4,6,1,,
17,3,bigger-than,4,4,0,,
17,3,bigger-than,4,5,0,,
17,3,bigger-than,4,1,1,,
17,3,bigger-than,4,6,1,,
17,3,bigger-than,5,6,0,,
17,3,bigger-than,5,5,0,,
17,3,bigger-than,5,4,1,,
17,3,bigger-than,5,5,0,,
17,3,bigger-than,5,6,0,,
17,3,bigger-than,5,4,1,,
17,3,bigger-than,5,1,0,,
17,3,bigger-than,5,2,1,,
17,3,bigger-than,5,1,0,,
17,3,bigger-than,5,6,0,,
17,3,bigger-than,5,3,1,,
17,3,bigger-than,6,4,0,,
17,3,bigger-than,6,1,0,,
17,3,bigger-than,6,5,1,,
17,3,bigger-than,6,2,1,,
17,3,bigger-than,6,1,0,,
17,3,bigger-than,6,4,0,,
17,3,bigger-than,6,5,1,,
17,3,bigger-than,6,6,0,,
17,3,bigger-than,6,4,0,,
17,3,bigger-than,6,6,0,,
17,3,bigger-than,6,3,1,,
17,3,bigger-than,7,6,0,,
17,3,bigger-than,7,4,1,,
17,3,bigger-than,7,1,1,,
17,3,bigger-than,7,4,1,,
17,3,bigger-than,7,3,1,,
17,3,bigger-than,8,6,0,,
17,3,bigger-than,8,3,1,,
17,3,bigger-than,8,2,0,,
17,3,bigger-than,8,6,1,,
17,3,bigger-than,8,4,0,,
17,3,bigger-than,8,1,1,,
17,3,bigger-than,9,6,1,,
17,3,bigger-than,9,2,0,,
17,3,bigger-than,9,5,0,,
17,3,bigger-than,9,1,1,,
17,3,bigger-than,9,4,1,,
17,3,bigger-than,10,6,0,,
17,3,bigger-than,10,3,1,,
17,3,bigger-than,10,4,0,,
17,3,bigger-than,10,2,1,,
17,3,bigger-than,11,3,1,,
17,3,bigger-than,11,6,1,,
17,3,bigger-than,11,4,0,,
17,3,bigger-than,11,2,0,,
17,3,bigger-than,11,1,1,,
17,3,bigger-than,12,6,1,,
17,3,bigger-than,12,3,1,,
17,3,bigger-than,12,2,0,,
17,3,bigger-than,12,4,1,,
17,3,bigger-than,13,6,1,,
17,3,bigger-than,13,3,0,,
17,3,bigger-than,13,4,1,,
17,3,bigger-than,13,5,0,,
17,3,bigger-than,13,2,1,,
17,3,bigger-than,14,6,0,,
17,3,bigger-than,14,2,1,,
17,3,bigger-than,14,3,1,,
17,3,bigger-than,14,6,0,,
17,3,bigger-than,14,4,0,,
17,3,bigger-than,14,2,1,,
17,3,bigger-than,14,3,1,,
17,3,bigger-than,14,5,0,,
17,3,bigger-than,14,2,1,,
17,3,bigger-than,14,1,1,,
17,3,bigger-than,15,6,1,,
17,3,bigger-than,15,3,1,,
17,3,bigger-than,15,2,1,,
17,3,bigger-than,16,6,0,,
17,3,bigger-than,16,5,1,,
17,3,bigger-than,16,4,1,,
17,3,bigger-than,16,1,1,,
17,3,bigger-than,16,5,0,,
17,3,bigger-than,16,6,0,,
17,3,bigger-than,16,4,1,,
17,3,bigger-than,16,1,1,,
17,3,bigger-than,16,2,1,,
17,3,bigger-than,17,6,1,,
17,3,bigger-than,17,3,0,,
17,3,bigger-than,17,5,1,,
17,3,bigger-than,17,4,1,,
17,3,bigger-than,18,5,1,,
17,3,bigger-than,18,2,0,,
17,3,bigger-than,18,1,1,,
17,3,bigger-than,18,3,1,,
17,3,bigger-than,19,6,0,,
17,3,bigger-than,19,2,1,,
17,3,bigger-than,19,6,0,,
17,3,bigger-than,19,3,0,,
17,3,bigger-than,19,4,1,,
17,3,bigger-than,19,5,1,,
17,3,bigger-than,20,6,1,,
17,3,bigger-than,20,4,1,,
17,3,bigger-than,20,5,0,,
17,3,bigger-than,20,3,1,,
17,3,bigger-than,21,5,1,,
17,3,bigger-than,21,2,1,,
17,3,bigger-than,21,3,1,,
17,3,bigger-than,22,5,1,,
17,3,bigger-than,22,2,1,,
17,3,bigger-than,22,3,0,,
17,3,bigger-than,22,5,1,,
17,3,bigger-than,22,4,0,,
17,3,bigger-than,22,1,1,,
17,3,bigger-than,23,5,1,,
17,3,bigger-than,23,2,1,,
17,3,bigger-than,23,6,0,,
17,3,bigger-than,23,5,1,,
17,3,bigger-than,23,3,1,,
17,3,bigger-than,24,5,0,,
17,3,bigger-than,24,3,1,,
17,3,bigger-than,24,5,0,,
17,3,bigger-than,24,2,1,,
17,3,bigger-than,24,1,1,,
17,3,bigger-than,25,5,0,,
17,3,bigger-than,25,2,1,,
17,3,bigger-than,25,3,0,,
17,3,bigger-than,25,6,1,,
17,3,bigger-than,26,5,0,,
17,3,bigger-than,26,4,1,,
17,3,bigger-than,26,1,1,,
17,3,bigger-than,26,6,1,,
17,3,bigger-than,27,6,0,,
17,3,bigger-than,27,4,1,,
17,3,bigger-than,27,1,0,,
17,3,bigger-than,27,2,0,,
17,3,bigger-than,27,3,1,,
17,3,bigger-than,28,4,1,,
17,3,bigger-than,28,1,0,,
17,3,bigger-than,28,6,1,,
17,3,bigger-than,28,5,1,,
17,3,bigger-than,29,5,0,,
17,3,bigger-than,29,4,1,,
17,3,bigger-than,29,2,1,,
17,3,bigger-than,29,6,1,,
17,3,bigger-than,30,5,1,,
17,3,bigger-than,30,2,1,,
17,3,bigger-than,30,4,0,,
17,3,bigger-than,30,1,1,,
18,3,bigger-than,1,6,0,,
18,3,bigger-than,1,3,1,,
18,3,bigger-than,1,2,1,,
18,3,bigger-than,1,3,1,,
18,3,bigger-than,1,5,0,,
18,3,bigger-than,1,1,0,,
18,3,bigger-than,1,5,1,,
18,3,bigger-than,1,6,0,,
18,3,bigger-than,1,4,1,,
18,3,bigger-than,2,4,1,,
18,3,bigger-than,2,5,0,,
18,3,bigger-than,2,6,0,,
18,3,bigger-than,2,5,0,,
18,3,bigger-than,2,2,1,,
18,3,bigger-than,2,4,1,,
18,3,bigger-than,2,1,1,,
18,3,bigger-than,2,3,1,,
18,3,bigger-than,3,5,0,,
18,3,bigger-than,3,6,1,,
18,3,bigger-than,3,3,1,,
18,3,bigger-than,3,2,0,,
18,3,bigger-than,3,4,0,,
18,3,bigger-than,3,6,1,,
18,3,bigger-than,3,4,0,,
18,3,bigger-than,3,1,1,,
18,3,bigger-than,3,2,0,,
18,3,bigger-than,3,3,1,,
18,3,bigger-than,3,2,0,,
18,3,bigger-than,3,6,1,,
18,3,bigger-than,4,1,1,,
18,3,bigger-than,4,4,0,,
18,3,bigger-than,4,5,0,,
18,3,bigger-than,4,4,0,,
18,3,bigger-than,4,6,1,,
18,3,bigger-than,4,5,0,,
18,3,bigger-than,4,6,1,,
18,3,bigger-than,4,4,0,,
18,3,bigger-than,4,5,0,,
18,3,bigger-than,4,1,1,,
18,3,bigger-than,4,6,1,,
18,3,bigger-than,5,6,0,,
18,3,bigger-than,5,5,1,,
18,3,bigger-than,5,4,1,,
18,3,bigger-than,5,5,1,,
18,3,bigger-than,5,6,0,,
18,3,bigger-than,5,4,1,,
18,3,bigger-than,5,1,0,,
18,3,bigger-than,5,2,1,,
18,3,bigger-than,5,1,0,,
18,3,bigger-than,5,6,0,,
18,3,bigger-than,5,3,0,,
18,3,bigger-than,6,5,1,,
18,3,bigger-than,6,1,0,,
18,3,bigger-than,6,5,1,,
18,3,bigger-than,6,2,1,,
18,3,bigger-than,6,1,0,,
18,3,bigger-than,6,4,0,,
18,3,bigger-than,6,5,1,,
18,3,bigger-than,6,6,0,,
18,3,bigger-than,6,4,0,,
18,3,bigger-than,6,6,0,,
18,3,bigger-than,7,4,1,,
18,3,bigger-than,7,3,0,,
18,3,bigger-than,7,2,0,,
18,3,bigger-than,7,6,1,,
18,3,bigger-than,7,5,1,,
18,3,bigger-than,8,5,0,,
18,3,bigger-than,8,6,0,,
18,3,bigger-than,8,4,1,,
18,3,bigger-than,8,5,0,,
18,3,bigger-than,8,4,1,,
18,3,bigger-than,8,2,1,,
18,3,bigger-than,8,1,0,,
18,3,bigger-than,8,5,0,,
18,3,bigger-than,8,4,1,,
18,3,bigger-than,8,3,1,,
18,3,bigger-than,9,6,1,,
18,3,bigger-than,9,5,0,,
18,3,bigger-than,9,6,1,,
18,3,bigger-than,9,3,0,,
18,3,bigger-than,9,2,1,,
18,3,bigger-than,9,3,0,,
18,3,bigger-than,9,4,0,,
18,3,bigger-than,9,1,1,,
18,3,bigger-than,10,1,1,,
18,3,bigger-than,10,5,0,,
18,3,bigger-than,10,6,1,,
18,3,bigger-than,10,2,0,,
18,3,bigger-than,10,4,1,,
18,3,bigger-than,11,6,0,,
18,3,bigger-than,11,3,1,,
18,3,bigger-than,11,2,1,,
18,3,bigger-than,11,1,1,,
18,3,bigger-than,12,5,1,,
18,3,bigger-than,12,3,1,,
18,3,bigger-than,12,2,1,,
18,3,bigger-than,12,5,1,,
18,3,bigger-than,12,1,0,,
18,3,bigger-than,12,5,1,,
18,3,bigger-than,12,4,0,,
18,3,bigger-than,13,4,0,,
18,3,bigger-than,13,2,0,,
18,3,bigger-than,13,3,1,,
18,3,bigger-than,13,6,1,,
18,3,bigger-than,13,3,1,,
18,3,bigger-than,13,1,1,,
18,3,bigger-than,14,5,1,,
18,3,bigger-than,14,4,1,,
18,3,bigger-than,14,2,1,,
18,3,bigger-than,15,5,1,,
18,3,bigger-than,15,2,0,,
18,3,bigger-than,15,1,1,,
18,3,bigger-than,15,3,1,,
18,3,bigger-than,16,5,1,,
18,3,bigger-than,16,2,1,,
18,3,bigger-than,16,1,0,,
18,3,bigger-than,16,4,0,,
18,3,bigger-than,16,2,1,,
18,3,bigger-than,16,4,0,,
18,3,bigger-than,16,3,1,,
18,3,bigger-than,17,4,1,,
18,3,bigger-than,17,5,0,,
18,3,bigger-than,17,1,1,,
18,3,bigger-than,17,2,0,,
18,3,bigger-than,17,3,1,,
18,3,bigger-than,18,4,1,,
18,3,bigger-than,18,5,0,,
18,3,bigger-than,18,4,1,,
18,3,bigger-than,18,1,1,,
18,3,bigger-than,18,2,0,,
18,3,bigger-than,18,3,1,,
18,3,bigger-than,19,5,1,,
18,3,bigger-than,19,6,1,,
18,3,bigger-than,19,3,0,,
18,3,bigger-than,19,6,1,,
18,3,bigger-than,19,5,1,,
18,3,bigger-than,20,5,1,,
18,3,bigger-than,20,4,0,,
18,3,bigger-than,20,5,1,,
18,3,bigger-than,20,1,1,,
18,3,bigger-than,20,2,0,,
18,3,bigger-than,20,5,1,,
18,3,bigger-than,20,6,1,,
18,3,bigger-than,21,4,0,,
18,3,bigger-than,21,1,1,,
18,3,bigger-than,21,4,0,,
18,3,bigger-than,21,1,1,,
18,3,bigger-than,21,6,1,,
18,3,bigger-than,21,4,0,,
18,3,bigger-than,21,6,1,,
18,3,bigger-than,21,3,1,,
18,3,bigger-than,21,3,1,,
18,3,bigger-than,22,3,0,,
18,3,bigger-than,22,6,1,,
18,3,bigger-than,22,2,1,,
18,3,bigger-than,22,5,1,,
18,3,bigger-than,23,4,1,,
18,3,bigger-than,23,5,0,,
18,3,bigger-than,23,3,1,,
18,3,bigger-than,23,2,1,,
18,3,bigger-than,24,5,0,,
18,3,bigger-than,24,1,1,,
18,3,bigger-than,24,4,0,,
18,3,bigger-than,24,3,1,,
18,3,bigger-than,24,2,1,,
18,3,bigger-than,25,2,0,,
18,3,bigger-than,25,6,1,,
18,3,bigger-than,25,5,1,,
18,3,bigger-than,25,6,1,,
18,3,bigger-than,25,3,0,,
18,3,bigger-than,25,1,1,,
18,3,bigger-than,26,4,1,,
18,3,bigger-than,26,4,1,,
18,3,bigger-than,26,3,0,,
18,3,bigger-than,26,5,1,,
18,3,bigger-than,26,2,1,,
18,3,bigger-than,27,6,0,,
18,3,bigger-than,27,5,1,,
18,3,bigger-than,27,4,1,,
18,3,bigger-than,27,1,1,,
18,3,bigger-than,27,5,1,,
18,3,bigger-than,28,1,1,,
18,3,bigger-than,28,5,0,,
18,3,bigger-than,28,3,1,,
18,3,bigger-than,28,2,1,,
18,3,bigger-than,29,5,0,,
18,3,bigger-than,29,2,1,,
18,3,bigger-than,29,6,1,,
18,3,bigger-than,29,1,1,,
18,3,bigger-than,30,2,0,,
18,3,bigger-than,30,3,1,,
18,3,bigger-than,30,6,1,,
18,3,bigger-than,30,4,1,,
